dir,label1,label2
0.jpg,2,6
1.jpg,2,2
2.jpg,1,0
3.jpg,1,0
4.jpg,1,6
5.jpg,1,1
6.jpg,1,0
7.jpg,1,1
8.jpg,0,2
9.jpg,2,5
10.jpg,1,6
11.jpg,2,3
12.jpg,0,3
13.jpg,0,5
14.jpg,1,5
15.jpg,2,6
16.jpg,0,6
17.jpg,0,2
18.jpg,2,6
19.jpg,2,6
20.jpg,1,3
21.jpg,0,1
22.jpg,0,1
23.jpg,2,1
24.jpg,1,4
25.jpg,2,5
26.jpg,1,6
27.jpg,0,3
28.jpg,0,5
29.jpg,1,6
30.jpg,1,0
31.jpg,1,3
32.jpg,0,6
33.jpg,1,5
34.jpg,2,0
35.jpg,2,4
36.jpg,0,2
37.jpg,0,4
38.jpg,1,6
39.jpg,1,4
40.jpg,1,6
41.jpg,2,6
42.jpg,2,0
43.jpg,0,3
44.jpg,1,3
45.jpg,2,0
46.jpg,1,6
47.jpg,0,0
48.jpg,0,6
49.jpg,2,4
50.jpg,2,0
51.jpg,0,3
52.jpg,2,6
53.jpg,1,2
54.jpg,2,4
55.jpg,2,6
56.jpg,1,6
57.jpg,1,6
58.jpg,1,2
59.jpg,2,5
60.jpg,0,2
61.jpg,0,0
62.jpg,1,3
63.jpg,0,5
64.jpg,2,2
65.jpg,1,6
66.jpg,0,3
67.jpg,1,1
68.jpg,1,3
69.jpg,0,2
70.jpg,2,0
71.jpg,0,3
72.jpg,2,5
73.jpg,0,1
74.jpg,1,6
75.jpg,1,5
76.jpg,2,4
77.jpg,1,5
78.jpg,2,5
79.jpg,0,6
80.jpg,1,0
81.jpg,1,5
82.jpg,2,6
83.jpg,2,5
84.jpg,2,2
85.jpg,1,5
86.jpg,2,1
87.jpg,2,3
88.jpg,0,6
89.jpg,1,5
90.jpg,1,3
91.jpg,1,6
92.jpg,1,3
93.jpg,2,6
94.jpg,2,2
95.jpg,0,0
96.jpg,2,5
97.jpg,0,4
98.jpg,2,5
99.jpg,0,4
100.jpg,1,3
101.jpg,0,3
102.jpg,1,0
103.jpg,1,3
104.jpg,2,1
105.jpg,1,3
106.jpg,2,0
107.jpg,0,1
108.jpg,0,5
109.jpg,2,5
110.jpg,1,0
111.jpg,2,0
112.jpg,1,5
113.jpg,2,6
114.jpg,2,5
115.jpg,0,3
116.jpg,2,6
117.jpg,1,2
118.jpg,1,5
119.jpg,0,5
120.jpg,2,5
121.jpg,1,4
122.jpg,1,0
123.jpg,2,5
124.jpg,1,4
125.jpg,1,2
126.jpg,2,5
127.jpg,2,6
128.jpg,0,4
129.jpg,2,6
130.jpg,1,6
131.jpg,2,5
132.jpg,1,5
133.jpg,0,4
134.jpg,0,5
135.jpg,2,4
136.jpg,0,0
137.jpg,1,6
138.jpg,2,0
139.jpg,1,5
140.jpg,2,2
141.jpg,0,6
142.jpg,2,5
143.jpg,2,0
144.jpg,1,4
145.jpg,2,4
146.jpg,0,2
147.jpg,0,6
148.jpg,1,2
149.jpg,0,2
150.jpg,0,3
151.jpg,1,3
152.jpg,1,3
153.jpg,2,3
154.jpg,2,2
155.jpg,0,0
156.jpg,1,3
157.jpg,2,2
158.jpg,2,5
159.jpg,0,6
160.jpg,1,0
161.jpg,1,4
162.jpg,1,2
163.jpg,0,3
164.jpg,1,2
165.jpg,2,6
166.jpg,2,6
167.jpg,0,0
168.jpg,0,1
169.jpg,2,2
170.jpg,1,3
171.jpg,1,2
172.jpg,0,2
173.jpg,1,3
174.jpg,1,4
175.jpg,0,6
176.jpg,1,1
177.jpg,2,6
178.jpg,0,6
179.jpg,1,6
180.jpg,0,2
181.jpg,0,2
182.jpg,0,0
183.jpg,0,6
184.jpg,0,6
185.jpg,0,3
186.jpg,2,4
187.jpg,1,3
188.jpg,2,3
189.jpg,0,6
190.jpg,1,3
191.jpg,0,4
192.jpg,2,2
193.jpg,1,6
194.jpg,2,6
195.jpg,0,6
196.jpg,1,6
197.jpg,1,0
198.jpg,0,6
199.jpg,2,5
200.jpg,1,2
201.jpg,1,3
202.jpg,0,6
203.jpg,0,1
204.jpg,2,3
205.jpg,0,6
206.jpg,2,2
207.jpg,2,3
208.jpg,0,0
209.jpg,2,1
210.jpg,2,1
211.jpg,1,2
212.jpg,1,3
213.jpg,0,5
214.jpg,0,0
215.jpg,2,5
216.jpg,1,3
217.jpg,0,6
218.jpg,2,0
219.jpg,2,2
220.jpg,1,4
221.jpg,1,3
222.jpg,0,2
223.jpg,2,0
224.jpg,1,2
225.jpg,1,1
226.jpg,0,3
227.jpg,1,5
228.jpg,1,6
229.jpg,2,6
230.jpg,0,4
231.jpg,0,4
232.jpg,2,5
233.jpg,2,2
234.jpg,1,2
235.jpg,2,5
236.jpg,2,0
237.jpg,1,5
238.jpg,1,3
239.jpg,2,3
240.jpg,0,2
241.jpg,0,6
242.jpg,0,6
243.jpg,0,3
244.jpg,2,2
245.jpg,0,3
246.jpg,1,0
247.jpg,1,6
248.jpg,1,6
249.jpg,1,3
250.jpg,2,2
251.jpg,1,6
252.jpg,0,3
253.jpg,2,0
254.jpg,0,6
255.jpg,0,3
256.jpg,2,4
257.jpg,1,0
258.jpg,2,4
259.jpg,2,2
260.jpg,1,0
261.jpg,1,0
262.jpg,1,3
263.jpg,0,2
264.jpg,0,2
265.jpg,2,3
266.jpg,1,2
267.jpg,2,6
268.jpg,2,5
269.jpg,1,3
270.jpg,2,4
271.jpg,0,6
272.jpg,0,0
273.jpg,0,6
274.jpg,0,0
275.jpg,2,2
276.jpg,2,4
277.jpg,2,5
278.jpg,2,5
279.jpg,0,4
280.jpg,2,0
281.jpg,0,4
282.jpg,1,0
283.jpg,1,3
284.jpg,2,3
285.jpg,1,3
286.jpg,2,3
287.jpg,2,6
288.jpg,2,0
289.jpg,2,6
290.jpg,2,3
291.jpg,2,1
292.jpg,0,4
293.jpg,0,3
294.jpg,2,5
295.jpg,0,4
296.jpg,0,0
297.jpg,0,3
298.jpg,1,1
299.jpg,0,3
300.jpg,2,5
301.jpg,2,6
302.jpg,2,2
303.jpg,0,0
304.jpg,1,5
305.jpg,2,6
306.jpg,1,3
307.jpg,1,6
308.jpg,2,2
309.jpg,2,3
310.jpg,1,3
311.jpg,2,5
312.jpg,1,1
313.jpg,0,6
314.jpg,2,6
315.jpg,0,2
316.jpg,2,5
317.jpg,0,6
318.jpg,0,3
319.jpg,2,2
320.jpg,2,5
321.jpg,1,6
322.jpg,2,0
323.jpg,2,3
324.jpg,0,6
325.jpg,2,0
326.jpg,2,0
327.jpg,2,4
328.jpg,1,5
329.jpg,2,6
330.jpg,1,4
331.jpg,2,4
332.jpg,2,5
333.jpg,2,6
334.jpg,1,3
335.jpg,1,3
336.jpg,1,3
337.jpg,2,6
338.jpg,2,3
339.jpg,1,6
340.jpg,2,3
341.jpg,1,6
342.jpg,1,3
343.jpg,1,0
344.jpg,2,6
345.jpg,2,5
346.jpg,0,6
347.jpg,0,0
348.jpg,2,1
349.jpg,0,6
350.jpg,0,6
351.jpg,1,3
352.jpg,2,4
353.jpg,1,5
354.jpg,1,4
355.jpg,2,4
356.jpg,2,6
357.jpg,2,2
358.jpg,1,5
359.jpg,1,1
360.jpg,2,5
361.jpg,2,6
362.jpg,0,0
363.jpg,0,5
364.jpg,1,6
365.jpg,0,5
366.jpg,1,2
367.jpg,2,3
368.jpg,1,6
369.jpg,2,6
370.jpg,2,3
371.jpg,2,2
372.jpg,2,4
373.jpg,1,0
374.jpg,1,6
375.jpg,0,1
376.jpg,2,6
377.jpg,2,3
378.jpg,0,3
379.jpg,1,4
380.jpg,0,2
381.jpg,2,0
382.jpg,2,5
383.jpg,1,1
384.jpg,2,2
385.jpg,1,6
386.jpg,1,3
387.jpg,0,2
388.jpg,2,2
389.jpg,0,6
390.jpg,1,5
391.jpg,2,5
392.jpg,0,0
393.jpg,0,6
394.jpg,0,3
395.jpg,1,3
396.jpg,1,4
397.jpg,0,6
398.jpg,1,2
399.jpg,1,5
400.jpg,0,3
401.jpg,2,5
402.jpg,1,0
403.jpg,0,6
404.jpg,2,5
405.jpg,1,3
406.jpg,2,2
407.jpg,1,0
408.jpg,2,0
409.jpg,2,6
410.jpg,1,0
411.jpg,0,0
412.jpg,2,5
413.jpg,2,2
414.jpg,2,4
415.jpg,2,1
416.jpg,1,1
417.jpg,2,5
418.jpg,2,6
419.jpg,2,3
420.jpg,0,6
421.jpg,2,0
422.jpg,1,5
423.jpg,1,6
424.jpg,2,5
425.jpg,2,1
426.jpg,2,5
427.jpg,0,4
428.jpg,1,3
429.jpg,2,3
430.jpg,0,0
431.jpg,2,2
432.jpg,1,1
433.jpg,1,5
434.jpg,1,4
435.jpg,1,6
436.jpg,2,1
437.jpg,2,5
438.jpg,1,5
439.jpg,2,2
440.jpg,2,6
441.jpg,0,4
442.jpg,2,5
443.jpg,1,3
444.jpg,0,0
445.jpg,2,5
446.jpg,1,3
447.jpg,2,0
448.jpg,2,3
449.jpg,2,0
450.jpg,0,6
451.jpg,1,3
452.jpg,2,3
453.jpg,2,4
454.jpg,2,3
455.jpg,1,6
456.jpg,1,3
457.jpg,2,3
458.jpg,1,0
459.jpg,2,3
460.jpg,1,3
461.jpg,1,4
462.jpg,1,2
463.jpg,1,5
464.jpg,1,1
465.jpg,2,4
466.jpg,1,3
467.jpg,2,2
468.jpg,1,0
469.jpg,2,3
470.jpg,1,0
471.jpg,2,0
472.jpg,2,6
473.jpg,1,1
474.jpg,2,6
475.jpg,2,3
476.jpg,0,3
477.jpg,2,4
478.jpg,0,4
479.jpg,2,5
480.jpg,1,6
481.jpg,0,6
482.jpg,2,5
483.jpg,0,4
484.jpg,0,6
485.jpg,0,5
486.jpg,0,3
487.jpg,1,6
488.jpg,1,4
489.jpg,2,0
490.jpg,0,5
491.jpg,1,5
492.jpg,0,3
493.jpg,2,6
494.jpg,2,3
495.jpg,1,5
496.jpg,2,1
497.jpg,2,6
498.jpg,1,0
499.jpg,1,6
500.jpg,0,6
501.jpg,1,6
502.jpg,0,3
503.jpg,0,6
504.jpg,1,3
505.jpg,2,5
506.jpg,1,0
507.jpg,1,4
508.jpg,0,3
509.jpg,2,4
510.jpg,2,6
511.jpg,1,6
512.jpg,2,0
513.jpg,2,2
514.jpg,0,6
515.jpg,2,2
516.jpg,1,6
517.jpg,2,5
518.jpg,0,6
519.jpg,1,2
520.jpg,1,0
521.jpg,2,4
522.jpg,1,6
523.jpg,2,4
524.jpg,2,2
525.jpg,1,2
526.jpg,1,1
527.jpg,1,2
528.jpg,2,0
529.jpg,0,6
530.jpg,0,4
531.jpg,0,3
532.jpg,2,0
533.jpg,2,0
534.jpg,1,5
535.jpg,0,0
536.jpg,1,0
537.jpg,1,6
538.jpg,1,3
539.jpg,0,4
540.jpg,2,5
541.jpg,2,6
542.jpg,2,5
543.jpg,2,4
544.jpg,1,0
545.jpg,0,3
546.jpg,0,2
547.jpg,1,1
548.jpg,2,3
549.jpg,2,6
550.jpg,1,5
551.jpg,1,1
552.jpg,1,2
553.jpg,2,4
554.jpg,0,5
555.jpg,2,4
556.jpg,2,3
557.jpg,1,6
558.jpg,1,0
559.jpg,2,6
560.jpg,2,6
561.jpg,1,3
562.jpg,1,3
563.jpg,1,6
564.jpg,1,3
565.jpg,0,6
566.jpg,1,1
567.jpg,2,3
568.jpg,2,5
569.jpg,0,2
570.jpg,0,4
571.jpg,2,6
572.jpg,0,5
573.jpg,0,3
574.jpg,0,3
575.jpg,0,1
576.jpg,2,0
577.jpg,1,6
578.jpg,1,6
579.jpg,2,3
580.jpg,1,1
581.jpg,1,3
582.jpg,1,1
583.jpg,2,4
584.jpg,1,6
585.jpg,0,1
586.jpg,1,5
587.jpg,1,3
588.jpg,2,3
589.jpg,2,6
590.jpg,2,4
591.jpg,1,6
592.jpg,0,3
593.jpg,1,3
594.jpg,1,3
595.jpg,1,4
596.jpg,1,5
597.jpg,1,6
598.jpg,2,4
599.jpg,2,0
600.jpg,2,6
601.jpg,1,5
602.jpg,2,0
603.jpg,0,6
604.jpg,0,2
605.jpg,2,5
606.jpg,1,6
607.jpg,2,1
608.jpg,1,1
609.jpg,2,3
610.jpg,2,6
611.jpg,2,6
612.jpg,2,3
613.jpg,1,3
614.jpg,1,2
615.jpg,0,4
616.jpg,1,0
617.jpg,1,5
618.jpg,0,4
619.jpg,0,2
620.jpg,2,0
621.jpg,1,4
622.jpg,1,6
623.jpg,2,4
624.jpg,0,6
625.jpg,1,5
626.jpg,1,6
627.jpg,1,4
628.jpg,0,5
629.jpg,2,0
630.jpg,2,3
631.jpg,2,0
632.jpg,2,5
633.jpg,1,6
634.jpg,0,2
635.jpg,0,6
636.jpg,1,0
637.jpg,0,4
638.jpg,2,1
639.jpg,1,0
640.jpg,1,3
641.jpg,1,3
642.jpg,1,6
643.jpg,2,4
644.jpg,0,6
645.jpg,2,5
646.jpg,0,6
647.jpg,1,2
648.jpg,2,3
649.jpg,1,3
650.jpg,0,6
651.jpg,1,2
652.jpg,0,1
653.jpg,2,2
654.jpg,1,5
655.jpg,1,3
656.jpg,0,6
657.jpg,2,0
658.jpg,1,1
659.jpg,2,3
660.jpg,0,6
661.jpg,1,6
662.jpg,2,1
663.jpg,2,6
664.jpg,0,3
665.jpg,1,6
666.jpg,0,2
667.jpg,2,2
668.jpg,0,6
669.jpg,1,0
670.jpg,0,6
671.jpg,0,2
672.jpg,0,3
673.jpg,2,5
674.jpg,2,3
675.jpg,1,3
676.jpg,0,2
677.jpg,1,6
678.jpg,1,2
679.jpg,1,0
680.jpg,2,6
681.jpg,0,0
682.jpg,2,4
683.jpg,2,2
684.jpg,1,2
685.jpg,0,4
686.jpg,2,5
687.jpg,2,2
688.jpg,1,4
689.jpg,2,5
690.jpg,1,2
691.jpg,0,6
692.jpg,2,4
693.jpg,1,6
694.jpg,0,3
695.jpg,2,4
696.jpg,1,6
697.jpg,0,4
698.jpg,2,6
699.jpg,1,1
700.jpg,0,5
701.jpg,1,4
702.jpg,2,6
703.jpg,2,0
704.jpg,2,3
705.jpg,2,3
706.jpg,2,5
707.jpg,2,0
708.jpg,2,2
709.jpg,0,0
710.jpg,1,4
711.jpg,2,4
712.jpg,1,1
713.jpg,0,5
714.jpg,0,5
715.jpg,1,0
716.jpg,2,6
717.jpg,0,2
718.jpg,0,4
719.jpg,1,4
720.jpg,2,5
721.jpg,0,5
722.jpg,2,4
723.jpg,1,5
724.jpg,2,5
725.jpg,1,4
726.jpg,2,0
727.jpg,2,0
728.jpg,1,1
729.jpg,2,3
730.jpg,2,2
731.jpg,2,4
732.jpg,0,4
733.jpg,2,6
734.jpg,0,2
735.jpg,1,0
736.jpg,0,6
737.jpg,2,4
738.jpg,1,6
739.jpg,1,5
740.jpg,1,5
741.jpg,1,3
742.jpg,1,4
743.jpg,1,5
744.jpg,1,1
745.jpg,1,3
746.jpg,2,3
747.jpg,2,2
748.jpg,1,2
749.jpg,2,2
750.jpg,1,1
751.jpg,1,6
752.jpg,2,0
753.jpg,1,4
754.jpg,0,6
755.jpg,2,3
756.jpg,1,6
757.jpg,2,4
758.jpg,2,0
759.jpg,1,5
760.jpg,1,0
761.jpg,1,5
762.jpg,2,6
763.jpg,1,3
764.jpg,0,6
765.jpg,1,3
766.jpg,0,2
767.jpg,2,4
768.jpg,2,2
769.jpg,0,3
770.jpg,2,6
771.jpg,1,0
772.jpg,0,2
773.jpg,1,3
774.jpg,2,4
775.jpg,1,5
776.jpg,2,5
777.jpg,1,6
778.jpg,1,4
779.jpg,0,0
780.jpg,0,0
781.jpg,1,0
782.jpg,0,4
783.jpg,2,5
784.jpg,2,0
785.jpg,1,6
786.jpg,0,6
787.jpg,1,2
788.jpg,0,2
789.jpg,2,0
790.jpg,1,5
791.jpg,0,6
792.jpg,0,6
793.jpg,2,5
794.jpg,1,6
795.jpg,1,3
796.jpg,2,3
797.jpg,1,6
798.jpg,0,5
799.jpg,0,0
800.jpg,1,4
801.jpg,2,2
802.jpg,0,6
803.jpg,1,2
804.jpg,1,0
805.jpg,0,6
806.jpg,1,6
807.jpg,1,5
808.jpg,2,6
809.jpg,0,5
810.jpg,0,2
811.jpg,1,0
812.jpg,0,2
813.jpg,2,0
814.jpg,0,6
815.jpg,1,6
816.jpg,2,6
817.jpg,0,5
818.jpg,2,1
819.jpg,0,1
820.jpg,1,3
821.jpg,2,3
822.jpg,1,3
823.jpg,0,0
824.jpg,0,5
825.jpg,1,0
826.jpg,0,4
827.jpg,1,3
828.jpg,2,6
829.jpg,1,0
830.jpg,2,6
831.jpg,2,5
832.jpg,2,1
833.jpg,2,5
834.jpg,2,1
835.jpg,2,2
836.jpg,1,3
837.jpg,0,5
838.jpg,2,6
839.jpg,2,0
840.jpg,1,1
841.jpg,2,4
842.jpg,2,2
843.jpg,2,5
844.jpg,2,6
845.jpg,2,6
846.jpg,2,2
847.jpg,0,2
848.jpg,1,6
849.jpg,2,3
850.jpg,2,5
851.jpg,2,2
852.jpg,0,2
853.jpg,0,6
854.jpg,2,4
855.jpg,0,1
856.jpg,0,1
857.jpg,0,0
858.jpg,0,2
859.jpg,0,5
860.jpg,0,1
861.jpg,2,5
862.jpg,1,3
863.jpg,0,6
864.jpg,2,6
865.jpg,0,2
866.jpg,1,1
867.jpg,1,3
868.jpg,0,3
869.jpg,1,4
870.jpg,0,5
871.jpg,0,6
872.jpg,1,1
873.jpg,1,6
874.jpg,1,6
875.jpg,2,2
876.jpg,1,4
877.jpg,2,0
878.jpg,1,3
879.jpg,0,0
880.jpg,1,3
881.jpg,0,6
882.jpg,1,0
883.jpg,2,5
884.jpg,2,3
885.jpg,1,0
886.jpg,2,0
887.jpg,1,3
888.jpg,2,4
889.jpg,0,0
890.jpg,1,6
891.jpg,0,6
892.jpg,2,3
893.jpg,1,4
894.jpg,2,4
895.jpg,2,3
896.jpg,2,4
897.jpg,2,4
898.jpg,2,0
899.jpg,0,5
900.jpg,2,2
901.jpg,1,3
902.jpg,2,3
903.jpg,1,5
904.jpg,1,0
905.jpg,2,4
906.jpg,1,0
907.jpg,2,6
908.jpg,2,2
909.jpg,0,6
910.jpg,1,3
911.jpg,2,5
912.jpg,2,4
913.jpg,0,2
914.jpg,2,6
915.jpg,1,3
916.jpg,0,2
917.jpg,1,1
918.jpg,2,6
919.jpg,1,6
920.jpg,1,6
921.jpg,2,0
922.jpg,2,5
923.jpg,2,0
924.jpg,1,6
925.jpg,0,3
926.jpg,2,2
927.jpg,2,3
928.jpg,0,6
929.jpg,2,0
930.jpg,1,4
931.jpg,0,0
932.jpg,2,5
933.jpg,0,6
934.jpg,2,0
935.jpg,2,3
936.jpg,0,6
937.jpg,0,5
938.jpg,2,4
939.jpg,1,6
940.jpg,2,5
941.jpg,0,2
942.jpg,0,4
943.jpg,0,6
944.jpg,1,2
945.jpg,1,6
946.jpg,2,5
947.jpg,2,0
948.jpg,2,6
949.jpg,1,3
950.jpg,0,1
951.jpg,0,6
952.jpg,2,3
953.jpg,1,1
954.jpg,1,6
955.jpg,2,6
956.jpg,0,4
957.jpg,1,0
958.jpg,2,0
959.jpg,0,1
960.jpg,2,6
961.jpg,2,3
962.jpg,0,1
963.jpg,2,4
964.jpg,2,0
965.jpg,2,6
966.jpg,2,5
967.jpg,2,5
968.jpg,2,6
969.jpg,2,2
970.jpg,0,1
971.jpg,2,5
972.jpg,1,2
973.jpg,1,0
974.jpg,0,2
975.jpg,0,6
976.jpg,2,6
977.jpg,1,6
978.jpg,2,4
979.jpg,1,3
980.jpg,0,5
981.jpg,2,5
982.jpg,2,1
983.jpg,2,4
984.jpg,1,6
985.jpg,2,3
986.jpg,2,6
987.jpg,1,6
988.jpg,1,0
989.jpg,0,0
990.jpg,1,3
991.jpg,0,6
992.jpg,2,5
993.jpg,1,1
994.jpg,1,0
995.jpg,0,5
996.jpg,2,3
997.jpg,2,6
998.jpg,0,3
999.jpg,1,2
1000.jpg,0,6
1001.jpg,1,4
1002.jpg,0,0
1003.jpg,0,6
1004.jpg,0,6
1005.jpg,1,1
1006.jpg,2,6
1007.jpg,2,6
1008.jpg,1,2
1009.jpg,2,5
1010.jpg,0,4
1011.jpg,2,6
1012.jpg,0,3
1013.jpg,1,6
1014.jpg,1,2
1015.jpg,2,0
1016.jpg,0,2
1017.jpg,0,0
1018.jpg,1,4
1019.jpg,2,0
1020.jpg,0,6
1021.jpg,1,3
1022.jpg,0,6
1023.jpg,2,2
1024.jpg,0,2
1025.jpg,2,0
1026.jpg,2,4
1027.jpg,2,3
1028.jpg,2,2
1029.jpg,1,1
1030.jpg,2,6
1031.jpg,1,5
1032.jpg,0,0
1033.jpg,1,2
1034.jpg,1,6
1035.jpg,0,2
1036.jpg,1,2
1037.jpg,0,5
1038.jpg,0,2
1039.jpg,0,1
1040.jpg,0,6
1041.jpg,2,4
1042.jpg,1,3
1043.jpg,1,4
1044.jpg,2,6
1045.jpg,1,2
1046.jpg,2,6
1047.jpg,0,5
1048.jpg,0,2
1049.jpg,2,5
1050.jpg,1,5
1051.jpg,2,6
1052.jpg,1,3
1053.jpg,0,1
1054.jpg,1,5
1055.jpg,2,3
1056.jpg,2,3
1057.jpg,2,6
1058.jpg,1,5
1059.jpg,2,1
1060.jpg,2,5
1061.jpg,0,4
1062.jpg,2,0
1063.jpg,1,2
1064.jpg,2,1
1065.jpg,2,3
1066.jpg,1,6
1067.jpg,1,0
1068.jpg,2,4
1069.jpg,2,6
1070.jpg,2,0
1071.jpg,0,6
1072.jpg,1,3
1073.jpg,0,1
1074.jpg,1,0
1075.jpg,1,6
1076.jpg,2,3
1077.jpg,0,2
1078.jpg,2,3
1079.jpg,0,1
1080.jpg,0,6
1081.jpg,2,5
1082.jpg,1,3
1083.jpg,2,3
1084.jpg,0,0
1085.jpg,1,6
1086.jpg,1,4
1087.jpg,1,1
1088.jpg,2,4
1089.jpg,0,5
1090.jpg,2,6
1091.jpg,0,5
1092.jpg,1,0
1093.jpg,2,0
1094.jpg,0,0
1095.jpg,2,2
1096.jpg,1,5
1097.jpg,0,6
1098.jpg,1,3
1099.jpg,0,4
1100.jpg,2,4
1101.jpg,0,1
1102.jpg,1,5
1103.jpg,2,0
1104.jpg,2,6
1105.jpg,1,0
1106.jpg,1,2
1107.jpg,0,4
1108.jpg,0,6
1109.jpg,0,5
1110.jpg,1,4
1111.jpg,2,6
1112.jpg,1,1
1113.jpg,1,0
1114.jpg,0,1
1115.jpg,0,2
1116.jpg,0,2
1117.jpg,0,2
1118.jpg,1,3
1119.jpg,0,6
1120.jpg,0,6
1121.jpg,0,0
1122.jpg,2,4
1123.jpg,2,4
1124.jpg,0,0
1125.jpg,0,0
1126.jpg,0,6
1127.jpg,2,0
1128.jpg,0,4
1129.jpg,2,6
1130.jpg,1,0
1131.jpg,2,5
1132.jpg,2,3
1133.jpg,1,5
1134.jpg,1,6
1135.jpg,0,6
1136.jpg,1,0
1137.jpg,2,5
1138.jpg,2,5
1139.jpg,2,5
1140.jpg,2,2
1141.jpg,1,1
1142.jpg,1,2
1143.jpg,0,0
1144.jpg,2,0
1145.jpg,1,1
1146.jpg,1,3
1147.jpg,1,0
1148.jpg,2,3
1149.jpg,2,3
1150.jpg,2,5
1151.jpg,1,5
1152.jpg,1,3
1153.jpg,1,5
1154.jpg,1,1
1155.jpg,1,4
1156.jpg,2,2
1157.jpg,2,5
1158.jpg,2,5
1159.jpg,1,0
1160.jpg,1,0
1161.jpg,2,0
1162.jpg,1,5
1163.jpg,2,5
1164.jpg,0,6
1165.jpg,1,5
1166.jpg,2,3
1167.jpg,1,1
1168.jpg,2,3
1169.jpg,2,3
1170.jpg,2,0
1171.jpg,2,4
1172.jpg,1,2
1173.jpg,2,5
1174.jpg,2,0
1175.jpg,0,1
1176.jpg,2,3
1177.jpg,1,6
1178.jpg,1,3
1179.jpg,2,5
1180.jpg,2,5
1181.jpg,1,6
1182.jpg,2,2
1183.jpg,1,6
1184.jpg,1,2
1185.jpg,2,4
1186.jpg,2,6
1187.jpg,1,6
1188.jpg,1,0
1189.jpg,2,0
1190.jpg,2,0
1191.jpg,2,6
1192.jpg,2,2
1193.jpg,2,6
1194.jpg,2,3
1195.jpg,0,4
1196.jpg,2,6
1197.jpg,2,6
1198.jpg,1,2
1199.jpg,2,6
1200.jpg,0,6
1201.jpg,0,4
1202.jpg,0,1
1203.jpg,2,6
1204.jpg,2,6
1205.jpg,0,3
1206.jpg,1,3
1207.jpg,1,2
1208.jpg,2,5
1209.jpg,1,5
1210.jpg,0,5
1211.jpg,2,5
1212.jpg,1,6
1213.jpg,1,5
1214.jpg,1,3
1215.jpg,1,2
1216.jpg,2,5
1217.jpg,1,1
1218.jpg,2,2
1219.jpg,1,6
1220.jpg,2,2
1221.jpg,2,0
1222.jpg,0,3
1223.jpg,2,3
1224.jpg,2,2
1225.jpg,1,2
1226.jpg,2,3
1227.jpg,2,5
1228.jpg,1,3
1229.jpg,1,4
1230.jpg,1,6
1231.jpg,0,2
1232.jpg,2,5
1233.jpg,0,2
1234.jpg,0,6
1235.jpg,0,6
1236.jpg,1,6
1237.jpg,0,6
1238.jpg,0,6
1239.jpg,2,3
1240.jpg,1,5
1241.jpg,2,5
1242.jpg,2,6
1243.jpg,2,2
1244.jpg,1,4
1245.jpg,1,0
1246.jpg,1,2
1247.jpg,2,4
1248.jpg,2,6
1249.jpg,0,0
1250.jpg,2,3
1251.jpg,2,4
1252.jpg,1,3
1253.jpg,2,5
1254.jpg,0,6
1255.jpg,1,3
1256.jpg,0,1
1257.jpg,2,0
1258.jpg,2,0
1259.jpg,0,0
1260.jpg,2,0
1261.jpg,2,3
1262.jpg,0,2
1263.jpg,1,1
1264.jpg,1,6
1265.jpg,1,2
1266.jpg,1,5
1267.jpg,1,3
1268.jpg,1,4
1269.jpg,2,5
1270.jpg,0,3
1271.jpg,1,1
1272.jpg,2,6
1273.jpg,1,5
1274.jpg,1,3
1275.jpg,1,5
1276.jpg,1,0
1277.jpg,1,5
1278.jpg,2,5
1279.jpg,2,6
1280.jpg,0,2
1281.jpg,2,5
1282.jpg,2,5
1283.jpg,1,3
1284.jpg,1,4
1285.jpg,0,3
1286.jpg,1,5
1287.jpg,1,5
1288.jpg,2,6
1289.jpg,2,5
1290.jpg,2,3
1291.jpg,2,0
1292.jpg,1,1
1293.jpg,1,5
1294.jpg,1,3
1295.jpg,1,3
1296.jpg,2,5
1297.jpg,0,6
1298.jpg,1,5
1299.jpg,1,3
1300.jpg,0,6
1301.jpg,1,4
1302.jpg,0,0
1303.jpg,0,1
1304.jpg,2,5
1305.jpg,1,6
1306.jpg,2,2
1307.jpg,2,6
1308.jpg,1,6
1309.jpg,0,0
1310.jpg,1,3
1311.jpg,2,2
1312.jpg,2,6
1313.jpg,2,4
1314.jpg,1,6
1315.jpg,0,4
1316.jpg,2,3
1317.jpg,0,3
1318.jpg,1,6
1319.jpg,1,6
1320.jpg,0,1
1321.jpg,0,6
1322.jpg,2,5
1323.jpg,2,4
1324.jpg,2,3
1325.jpg,2,5
1326.jpg,0,6
1327.jpg,2,4
1328.jpg,1,3
1329.jpg,2,5
1330.jpg,2,6
1331.jpg,2,5
1332.jpg,1,3
1333.jpg,2,6
1334.jpg,1,6
1335.jpg,2,2
1336.jpg,2,3
1337.jpg,2,2
1338.jpg,2,5
1339.jpg,1,4
1340.jpg,1,5
1341.jpg,0,5
1342.jpg,0,2
1343.jpg,1,6
1344.jpg,1,3
1345.jpg,0,3
1346.jpg,1,1
1347.jpg,2,0
1348.jpg,2,0
1349.jpg,0,6
1350.jpg,1,0
1351.jpg,1,3
1352.jpg,1,2
1353.jpg,0,2
1354.jpg,1,5
1355.jpg,0,2
1356.jpg,1,3
1357.jpg,2,6
1358.jpg,2,6
1359.jpg,0,0
1360.jpg,1,2
1361.jpg,1,6
1362.jpg,2,0
1363.jpg,2,0
1364.jpg,2,4
1365.jpg,0,0
1366.jpg,0,2
1367.jpg,1,1
1368.jpg,2,4
1369.jpg,1,5
1370.jpg,2,1
1371.jpg,1,6
1372.jpg,1,0
1373.jpg,0,5
1374.jpg,2,0
1375.jpg,2,6
1376.jpg,0,6
1377.jpg,2,0
1378.jpg,1,2
1379.jpg,2,2
1380.jpg,2,0
1381.jpg,0,0
1382.jpg,2,3
1383.jpg,0,6
1384.jpg,0,6
1385.jpg,2,6
1386.jpg,0,4
1387.jpg,2,6
1388.jpg,2,4
1389.jpg,2,4
1390.jpg,2,3
1391.jpg,2,0
1392.jpg,1,4
1393.jpg,2,2
1394.jpg,2,6
1395.jpg,1,2
1396.jpg,0,6
1397.jpg,2,5
1398.jpg,2,3
1399.jpg,2,6
1400.jpg,2,6
1401.jpg,2,2
1402.jpg,1,2
1403.jpg,2,5
1404.jpg,2,3
1405.jpg,1,5
1406.jpg,2,5
1407.jpg,1,2
1408.jpg,2,2
1409.jpg,0,2
1410.jpg,0,6
1411.jpg,2,0
1412.jpg,1,0
1413.jpg,1,1
1414.jpg,0,2
1415.jpg,2,3
1416.jpg,1,6
1417.jpg,1,0
1418.jpg,0,0
1419.jpg,2,4
1420.jpg,0,1
1421.jpg,2,2
1422.jpg,2,5
1423.jpg,2,3
1424.jpg,2,6
1425.jpg,2,4
1426.jpg,2,0
1427.jpg,2,4
1428.jpg,0,3
1429.jpg,1,4
1430.jpg,2,2
1431.jpg,1,5
1432.jpg,2,4
1433.jpg,2,5
1434.jpg,2,0
1435.jpg,2,0
1436.jpg,0,5
1437.jpg,2,5
1438.jpg,1,6
1439.jpg,1,5
1440.jpg,1,5
1441.jpg,1,6
1442.jpg,1,3
1443.jpg,1,2
1444.jpg,2,1
1445.jpg,2,3
1446.jpg,1,5
1447.jpg,2,3
1448.jpg,1,0
1449.jpg,2,2
1450.jpg,1,6
1451.jpg,1,2
1452.jpg,2,5
1453.jpg,0,1
1454.jpg,0,2
1455.jpg,0,6
1456.jpg,2,3
1457.jpg,1,5
1458.jpg,0,6
1459.jpg,0,5
1460.jpg,1,0
1461.jpg,1,0
1462.jpg,1,6
1463.jpg,2,5
1464.jpg,1,2
1465.jpg,1,6
1466.jpg,2,2
1467.jpg,2,5
1468.jpg,2,4
1469.jpg,2,6
1470.jpg,1,3
1471.jpg,1,3
1472.jpg,0,3
1473.jpg,1,5
1474.jpg,1,2
1475.jpg,1,2
1476.jpg,2,2
1477.jpg,1,6
1478.jpg,2,5
1479.jpg,1,6
1480.jpg,1,0
1481.jpg,0,4
1482.jpg,2,3
1483.jpg,0,3
1484.jpg,2,5
1485.jpg,1,6
1486.jpg,0,3
1487.jpg,0,4
1488.jpg,0,3
1489.jpg,2,0
1490.jpg,2,0
1491.jpg,2,3
1492.jpg,1,3
1493.jpg,1,3
1494.jpg,0,0
1495.jpg,0,6
1496.jpg,1,3
1497.jpg,2,5
1498.jpg,2,0
1499.jpg,2,4
1500.jpg,2,6
1501.jpg,1,2
1502.jpg,1,0
1503.jpg,2,6
1504.jpg,2,4
1505.jpg,2,0
1506.jpg,2,1
1507.jpg,2,2
1508.jpg,2,6
1509.jpg,2,1
1510.jpg,2,3
1511.jpg,1,0
1512.jpg,2,3
1513.jpg,2,3
1514.jpg,0,6
1515.jpg,2,3
1516.jpg,1,3
1517.jpg,2,4
1518.jpg,1,5
1519.jpg,2,4
1520.jpg,0,1
1521.jpg,0,6
1522.jpg,0,1
1523.jpg,2,5
1524.jpg,1,3
1525.jpg,2,0
1526.jpg,2,6
1527.jpg,0,2
1528.jpg,2,4
1529.jpg,1,6
1530.jpg,2,5
1531.jpg,1,1
1532.jpg,0,2
1533.jpg,2,0
1534.jpg,2,5
1535.jpg,2,5
1536.jpg,0,5
1537.jpg,1,3
1538.jpg,0,0
1539.jpg,1,3
1540.jpg,2,6
1541.jpg,1,2
1542.jpg,1,5
1543.jpg,2,5
1544.jpg,0,2
1545.jpg,2,5
1546.jpg,2,5
1547.jpg,1,2
1548.jpg,1,5
1549.jpg,1,4
1550.jpg,0,6
1551.jpg,2,5
1552.jpg,2,3
1553.jpg,2,2
1554.jpg,2,3
1555.jpg,2,0
1556.jpg,0,3
1557.jpg,1,2
1558.jpg,2,2
1559.jpg,2,5
1560.jpg,2,5
1561.jpg,2,5
1562.jpg,2,1
1563.jpg,0,2
1564.jpg,2,0
1565.jpg,1,2
1566.jpg,1,2
1567.jpg,0,2
1568.jpg,0,4
1569.jpg,0,4
1570.jpg,2,3
1571.jpg,2,2
1572.jpg,1,5
1573.jpg,1,3
1574.jpg,2,2
1575.jpg,0,5
1576.jpg,1,5
1577.jpg,2,0
1578.jpg,2,6
1579.jpg,0,6
1580.jpg,2,0
1581.jpg,1,2
1582.jpg,2,4
1583.jpg,0,5
1584.jpg,2,6
1585.jpg,0,6
1586.jpg,1,6
1587.jpg,2,3
1588.jpg,2,6
1589.jpg,0,6
1590.jpg,2,5
1591.jpg,0,0
1592.jpg,0,2
1593.jpg,0,2
1594.jpg,1,2
1595.jpg,0,6
1596.jpg,2,4
1597.jpg,0,4
1598.jpg,2,3
1599.jpg,1,6
1600.jpg,2,4
1601.jpg,2,5
1602.jpg,0,2
1603.jpg,1,3
1604.jpg,2,3
1605.jpg,2,6
1606.jpg,1,2
1607.jpg,1,3
1608.jpg,2,3
1609.jpg,2,0
1610.jpg,1,2
1611.jpg,2,0
1612.jpg,1,3
1613.jpg,2,3
1614.jpg,1,3
1615.jpg,1,5
1616.jpg,2,5
1617.jpg,1,5
1618.jpg,1,6
1619.jpg,1,6
1620.jpg,2,3
1621.jpg,2,1
1622.jpg,2,4
1623.jpg,2,2
1624.jpg,0,1
1625.jpg,2,4
1626.jpg,1,5
1627.jpg,0,4
1628.jpg,1,6
1629.jpg,2,5
1630.jpg,2,0
1631.jpg,0,3
1632.jpg,1,3
1633.jpg,1,5
1634.jpg,1,6
1635.jpg,1,5
1636.jpg,2,3
1637.jpg,0,6
1638.jpg,2,5
1639.jpg,1,6
1640.jpg,0,1
1641.jpg,1,2
1642.jpg,0,0
1643.jpg,1,0
1644.jpg,0,1
1645.jpg,1,2
1646.jpg,1,3
1647.jpg,1,6
1648.jpg,2,5
1649.jpg,2,4
1650.jpg,2,1
1651.jpg,1,6
1652.jpg,1,3
1653.jpg,2,6
1654.jpg,2,5
1655.jpg,0,6
1656.jpg,2,6
1657.jpg,1,5
1658.jpg,2,4
1659.jpg,1,6
1660.jpg,2,5
1661.jpg,1,2
1662.jpg,0,3
1663.jpg,0,5
1664.jpg,0,5
1665.jpg,1,0
1666.jpg,1,2
1667.jpg,0,1
1668.jpg,1,3
1669.jpg,1,4
1670.jpg,1,4
1671.jpg,2,2
1672.jpg,1,5
1673.jpg,0,1
1674.jpg,1,5
1675.jpg,2,2
1676.jpg,1,6
1677.jpg,1,5
1678.jpg,0,6
1679.jpg,2,0
1680.jpg,2,2
1681.jpg,2,2
1682.jpg,2,2
1683.jpg,2,6
1684.jpg,1,3
1685.jpg,2,2
1686.jpg,2,0
1687.jpg,0,0
1688.jpg,0,3
1689.jpg,1,2
1690.jpg,1,3
1691.jpg,2,4
1692.jpg,2,1
1693.jpg,0,0
1694.jpg,2,5
1695.jpg,0,4
1696.jpg,2,0
1697.jpg,2,6
1698.jpg,0,5
1699.jpg,1,6
1700.jpg,2,4
1701.jpg,0,6
1702.jpg,1,6
1703.jpg,1,3
1704.jpg,2,6
1705.jpg,1,1
1706.jpg,0,5
1707.jpg,1,6
1708.jpg,2,6
1709.jpg,0,6
1710.jpg,1,5
1711.jpg,2,4
1712.jpg,2,4
1713.jpg,1,1
1714.jpg,2,5
1715.jpg,1,1
1716.jpg,0,5
1717.jpg,2,6
1718.jpg,2,3
1719.jpg,2,3
1720.jpg,1,5
1721.jpg,2,2
1722.jpg,1,2
1723.jpg,2,6
1724.jpg,1,1
1725.jpg,1,6
1726.jpg,1,3
1727.jpg,1,2
1728.jpg,0,0
1729.jpg,1,6
1730.jpg,1,3
1731.jpg,1,3
1732.jpg,2,2
1733.jpg,0,5
1734.jpg,0,0
1735.jpg,1,4
1736.jpg,1,6
1737.jpg,1,2
1738.jpg,0,6
1739.jpg,2,0
1740.jpg,1,3
1741.jpg,2,6
1742.jpg,1,2
1743.jpg,2,0
1744.jpg,2,1
1745.jpg,1,4
1746.jpg,0,2
1747.jpg,2,5
1748.jpg,1,5
1749.jpg,2,6
1750.jpg,0,2
1751.jpg,0,2
1752.jpg,1,6
1753.jpg,1,2
1754.jpg,2,1
1755.jpg,0,0
1756.jpg,1,6
1757.jpg,2,5
1758.jpg,2,6
1759.jpg,2,6
1760.jpg,0,2
1761.jpg,0,2
1762.jpg,2,0
1763.jpg,0,1
1764.jpg,2,2
1765.jpg,2,5
1766.jpg,1,3
1767.jpg,2,3
1768.jpg,1,0
1769.jpg,2,5
1770.jpg,2,0
1771.jpg,0,1
1772.jpg,2,3
1773.jpg,2,4
1774.jpg,2,5
1775.jpg,1,3
1776.jpg,1,1
1777.jpg,1,5
1778.jpg,1,0
1779.jpg,0,2
1780.jpg,0,2
1781.jpg,1,0
1782.jpg,2,5
1783.jpg,1,0
1784.jpg,0,5
1785.jpg,2,1
1786.jpg,2,0
1787.jpg,2,6
1788.jpg,0,3
1789.jpg,2,0
1790.jpg,0,3
1791.jpg,1,6
1792.jpg,0,3
1793.jpg,1,5
1794.jpg,2,0
1795.jpg,2,2
1796.jpg,0,4
1797.jpg,0,6
1798.jpg,0,2
1799.jpg,2,5
1800.jpg,2,0
1801.jpg,1,3
1802.jpg,2,3
1803.jpg,2,2
1804.jpg,1,6
1805.jpg,0,2
1806.jpg,0,5
1807.jpg,1,1
1808.jpg,0,6
1809.jpg,0,2
1810.jpg,0,6
1811.jpg,1,0
1812.jpg,0,6
1813.jpg,2,6
1814.jpg,2,3
1815.jpg,2,3
1816.jpg,0,1
1817.jpg,2,6
1818.jpg,2,3
1819.jpg,1,5
1820.jpg,2,3
1821.jpg,2,0
1822.jpg,1,0
1823.jpg,2,2
1824.jpg,2,0
1825.jpg,1,3
1826.jpg,0,6
1827.jpg,1,5
1828.jpg,0,4
1829.jpg,2,4
1830.jpg,2,3
1831.jpg,1,6
1832.jpg,2,6
1833.jpg,0,2
1834.jpg,1,2
1835.jpg,1,4
1836.jpg,1,3
1837.jpg,1,6
1838.jpg,0,1
1839.jpg,1,3
1840.jpg,1,0
1841.jpg,1,3
1842.jpg,1,3
1843.jpg,1,5
1844.jpg,1,0
1845.jpg,0,5
1846.jpg,2,3
1847.jpg,0,3
1848.jpg,1,6
1849.jpg,0,1
1850.jpg,0,4
1851.jpg,2,3
1852.jpg,2,5
1853.jpg,1,2
1854.jpg,1,1
1855.jpg,2,6
1856.jpg,2,5
1857.jpg,1,0
1858.jpg,1,0
1859.jpg,0,3
1860.jpg,0,1
1861.jpg,0,5
1862.jpg,0,0
1863.jpg,2,4
1864.jpg,2,0
1865.jpg,1,2
1866.jpg,1,3
1867.jpg,2,2
1868.jpg,1,3
1869.jpg,1,6
1870.jpg,2,0
1871.jpg,1,3
1872.jpg,0,4
1873.jpg,1,6
1874.jpg,2,2
1875.jpg,2,6
1876.jpg,2,0
1877.jpg,0,6
1878.jpg,1,6
1879.jpg,1,6
1880.jpg,0,2
1881.jpg,1,2
1882.jpg,1,1
1883.jpg,1,6
1884.jpg,2,6
1885.jpg,2,5
1886.jpg,2,6
1887.jpg,2,5
1888.jpg,1,6
1889.jpg,0,4
1890.jpg,2,2
1891.jpg,2,0
1892.jpg,1,1
1893.jpg,1,5
1894.jpg,0,6
1895.jpg,2,5
1896.jpg,2,3
1897.jpg,2,5
1898.jpg,2,2
1899.jpg,2,1
1900.jpg,1,3
1901.jpg,2,5
1902.jpg,2,3
1903.jpg,0,5
1904.jpg,2,5
1905.jpg,1,6
1906.jpg,0,1
1907.jpg,1,3
1908.jpg,2,1
1909.jpg,0,2
1910.jpg,2,3
1911.jpg,2,5
1912.jpg,0,6
1913.jpg,2,6
1914.jpg,0,5
1915.jpg,0,5
1916.jpg,2,0
1917.jpg,2,6
1918.jpg,2,2
1919.jpg,2,5
1920.jpg,0,5
1921.jpg,1,4
1922.jpg,1,2
1923.jpg,1,6
1924.jpg,0,0
1925.jpg,0,6
1926.jpg,0,3
1927.jpg,2,2
1928.jpg,1,4
1929.jpg,2,0
1930.jpg,0,6
1931.jpg,0,0
1932.jpg,1,2
1933.jpg,2,0
1934.jpg,2,2
1935.jpg,2,4
1936.jpg,0,1
1937.jpg,0,5
1938.jpg,1,1
1939.jpg,2,5
1940.jpg,1,6
1941.jpg,1,3
1942.jpg,2,1
1943.jpg,2,4
1944.jpg,1,3
1945.jpg,2,6
1946.jpg,2,3
1947.jpg,1,5
1948.jpg,2,1
1949.jpg,0,6
1950.jpg,1,2
1951.jpg,0,6
1952.jpg,2,6
1953.jpg,1,6
1954.jpg,2,6
1955.jpg,2,2
1956.jpg,0,6
1957.jpg,2,0
1958.jpg,1,5
1959.jpg,2,5
1960.jpg,1,4
1961.jpg,2,4
1962.jpg,0,5
1963.jpg,2,6
1964.jpg,2,0
1965.jpg,0,0
1966.jpg,0,6
1967.jpg,1,5
1968.jpg,1,2
1969.jpg,2,5
1970.jpg,1,1
1971.jpg,0,4
1972.jpg,1,6
1973.jpg,0,6
1974.jpg,2,5
1975.jpg,2,5
1976.jpg,1,0
1977.jpg,2,5
1978.jpg,0,0
1979.jpg,2,0
1980.jpg,0,5
1981.jpg,2,3
1982.jpg,1,4
1983.jpg,2,5
1984.jpg,0,6
1985.jpg,0,6
1986.jpg,2,5
1987.jpg,0,4
1988.jpg,1,1
1989.jpg,2,2
1990.jpg,2,5
1991.jpg,2,6
1992.jpg,0,6
1993.jpg,2,5
1994.jpg,1,3
1995.jpg,1,1
1996.jpg,0,1
1997.jpg,1,6
1998.jpg,0,6
1999.jpg,2,4
2000.jpg,1,2
2001.jpg,1,6
2002.jpg,2,1
2003.jpg,2,6
2004.jpg,0,6
2005.jpg,1,2
2006.jpg,1,3
2007.jpg,2,0
2008.jpg,1,0
2009.jpg,0,6
2010.jpg,1,4
2011.jpg,1,3
2012.jpg,2,5
2013.jpg,1,6
2014.jpg,0,6
2015.jpg,2,6
2016.jpg,0,5
2017.jpg,2,0
2018.jpg,2,1
2019.jpg,2,5
2020.jpg,2,0
2021.jpg,2,0
2022.jpg,1,3
2023.jpg,0,2
2024.jpg,2,5
2025.jpg,2,5
2026.jpg,1,3
2027.jpg,2,4
2028.jpg,1,3
2029.jpg,2,6
2030.jpg,0,6
2031.jpg,0,6
2032.jpg,1,0
2033.jpg,0,5
2034.jpg,0,0
2035.jpg,0,6
2036.jpg,2,2
2037.jpg,1,3
2038.jpg,1,2
2039.jpg,2,0
2040.jpg,2,6
2041.jpg,1,6
2042.jpg,0,2
2043.jpg,0,6
2044.jpg,2,2
2045.jpg,2,5
2046.jpg,2,0
2047.jpg,0,1
2048.jpg,2,4
2049.jpg,1,3
2050.jpg,0,4
2051.jpg,0,2
2052.jpg,2,3
2053.jpg,0,6
2054.jpg,0,3
2055.jpg,0,2
2056.jpg,0,4
2057.jpg,1,6
2058.jpg,2,5
2059.jpg,2,5
2060.jpg,1,6
2061.jpg,0,5
2062.jpg,0,2
2063.jpg,2,0
2064.jpg,1,6
2065.jpg,0,0
2066.jpg,1,6
2067.jpg,0,6
2068.jpg,1,3
2069.jpg,2,0
2070.jpg,1,6
2071.jpg,1,2
2072.jpg,1,6
2073.jpg,1,6
2074.jpg,0,6
2075.jpg,0,5
2076.jpg,2,3
2077.jpg,1,4
2078.jpg,2,5
2079.jpg,0,1
2080.jpg,0,1
2081.jpg,2,3
2082.jpg,2,2
2083.jpg,2,1
2084.jpg,0,1
2085.jpg,2,6
2086.jpg,2,2
2087.jpg,2,2
2088.jpg,2,0
2089.jpg,2,0
2090.jpg,2,3
2091.jpg,0,2
2092.jpg,0,2
2093.jpg,2,0
2094.jpg,2,2
2095.jpg,1,6
2096.jpg,0,1
2097.jpg,0,6
2098.jpg,2,5
2099.jpg,0,2
2100.jpg,0,5
2101.jpg,0,4
2102.jpg,0,6
2103.jpg,2,2
2104.jpg,2,1
2105.jpg,0,6
2106.jpg,0,0
2107.jpg,1,6
2108.jpg,1,0
2109.jpg,2,6
2110.jpg,0,0
2111.jpg,1,0
2112.jpg,2,0
2113.jpg,2,4
2114.jpg,2,2
2115.jpg,1,3
2116.jpg,2,0
2117.jpg,1,4
2118.jpg,2,2
2119.jpg,0,0
2120.jpg,2,4
2121.jpg,2,3
2122.jpg,1,6
2123.jpg,1,2
2124.jpg,2,0
2125.jpg,2,0
2126.jpg,1,6
2127.jpg,1,4
2128.jpg,0,1
2129.jpg,2,3
2130.jpg,0,3
2131.jpg,0,3
2132.jpg,2,2
2133.jpg,0,2
2134.jpg,1,3
2135.jpg,0,4
2136.jpg,2,6
2137.jpg,1,0
2138.jpg,2,0
2139.jpg,1,3
2140.jpg,2,2
2141.jpg,0,6
2142.jpg,1,6
2143.jpg,2,5
2144.jpg,1,4
2145.jpg,1,0
2146.jpg,1,5
2147.jpg,0,3
2148.jpg,0,1
2149.jpg,2,5
2150.jpg,2,4
2151.jpg,2,1
2152.jpg,0,0
2153.jpg,2,2
2154.jpg,0,6
2155.jpg,0,1
2156.jpg,0,6
2157.jpg,0,4
2158.jpg,0,5
2159.jpg,1,4
2160.jpg,2,1
2161.jpg,2,4
2162.jpg,2,4
2163.jpg,0,6
2164.jpg,2,4
2165.jpg,0,2
2166.jpg,0,4
2167.jpg,1,1
2168.jpg,2,3
2169.jpg,0,3
2170.jpg,2,6
2171.jpg,1,3
2172.jpg,1,0
2173.jpg,1,4
2174.jpg,1,0
2175.jpg,0,5
2176.jpg,0,6
2177.jpg,2,3
2178.jpg,1,1
2179.jpg,1,6
2180.jpg,0,2
2181.jpg,2,5
2182.jpg,2,1
2183.jpg,1,4
2184.jpg,0,6
2185.jpg,2,1
2186.jpg,1,4
2187.jpg,2,0
2188.jpg,1,6
2189.jpg,2,6
2190.jpg,2,6
2191.jpg,1,6
2192.jpg,1,5
2193.jpg,2,3
2194.jpg,2,5
2195.jpg,1,5
2196.jpg,2,2
2197.jpg,1,2
2198.jpg,0,1
2199.jpg,2,4
2200.jpg,1,1
2201.jpg,2,5
2202.jpg,0,6
2203.jpg,0,5
2204.jpg,0,0
2205.jpg,1,4
2206.jpg,2,5
2207.jpg,2,1
2208.jpg,2,5
2209.jpg,2,2
2210.jpg,2,5
2211.jpg,1,3
2212.jpg,0,6
2213.jpg,1,1
2214.jpg,2,0
2215.jpg,0,4
2216.jpg,2,2
2217.jpg,2,4
2218.jpg,0,4
2219.jpg,1,5
2220.jpg,2,2
2221.jpg,1,6
2222.jpg,0,5
2223.jpg,2,6
2224.jpg,0,6
2225.jpg,0,6
2226.jpg,1,0
2227.jpg,2,4
2228.jpg,1,1
2229.jpg,1,2
2230.jpg,1,4
2231.jpg,0,0
2232.jpg,1,4
2233.jpg,2,1
2234.jpg,1,6
2235.jpg,2,4
2236.jpg,0,5
2237.jpg,0,3
2238.jpg,1,3
2239.jpg,2,0
2240.jpg,1,5
2241.jpg,0,3
2242.jpg,0,0
2243.jpg,2,0
2244.jpg,1,2
2245.jpg,1,6
2246.jpg,2,2
2247.jpg,2,4
2248.jpg,2,6
2249.jpg,0,0
2250.jpg,1,6
2251.jpg,2,6
2252.jpg,0,3
2253.jpg,1,5
2254.jpg,2,2
2255.jpg,2,3
2256.jpg,2,0
2257.jpg,0,2
2258.jpg,2,6
2259.jpg,1,6
2260.jpg,0,6
2261.jpg,0,2
2262.jpg,0,0
2263.jpg,0,5
2264.jpg,2,6
2265.jpg,2,4
2266.jpg,0,2
2267.jpg,1,6
2268.jpg,1,5
2269.jpg,0,5
2270.jpg,2,4
2271.jpg,0,2
2272.jpg,0,6
2273.jpg,0,5
2274.jpg,0,2
2275.jpg,2,1
2276.jpg,1,0
2277.jpg,0,5
2278.jpg,1,2
2279.jpg,0,3
2280.jpg,1,0
2281.jpg,2,0
2282.jpg,2,2
2283.jpg,2,6
2284.jpg,0,6
2285.jpg,2,4
2286.jpg,1,5
2287.jpg,0,2
2288.jpg,2,0
2289.jpg,1,5
2290.jpg,2,3
2291.jpg,2,5
2292.jpg,2,0
2293.jpg,0,1
2294.jpg,0,6
2295.jpg,1,3
2296.jpg,2,1
2297.jpg,0,6
2298.jpg,0,3
2299.jpg,0,5
2300.jpg,2,6
2301.jpg,2,6
2302.jpg,2,3
2303.jpg,2,6
2304.jpg,0,0
2305.jpg,2,3
2306.jpg,2,6
2307.jpg,1,3
2308.jpg,2,3
2309.jpg,0,5
2310.jpg,2,4
2311.jpg,1,4
2312.jpg,2,1
2313.jpg,1,3
2314.jpg,2,5
2315.jpg,2,6
2316.jpg,1,1
2317.jpg,2,5
2318.jpg,2,4
2319.jpg,0,0
2320.jpg,0,2
2321.jpg,0,6
2322.jpg,0,5
2323.jpg,0,1
2324.jpg,2,0
2325.jpg,0,3
2326.jpg,2,6
2327.jpg,0,0
2328.jpg,0,6
2329.jpg,2,2
2330.jpg,2,3
2331.jpg,1,6
2332.jpg,2,2
2333.jpg,1,5
2334.jpg,2,3
2335.jpg,2,5
2336.jpg,2,6
2337.jpg,1,2
2338.jpg,0,6
2339.jpg,1,6
2340.jpg,1,3
2341.jpg,1,4
2342.jpg,1,3
2343.jpg,2,4
2344.jpg,2,5
2345.jpg,1,2
2346.jpg,0,5
2347.jpg,0,1
2348.jpg,0,4
2349.jpg,2,0
2350.jpg,0,2
2351.jpg,1,6
2352.jpg,2,5
2353.jpg,2,5
2354.jpg,2,2
2355.jpg,0,2
2356.jpg,2,5
2357.jpg,0,6
2358.jpg,0,6
2359.jpg,2,3
2360.jpg,1,1
2361.jpg,0,2
2362.jpg,2,2
2363.jpg,1,4
2364.jpg,0,4
2365.jpg,0,5
2366.jpg,2,6
2367.jpg,0,2
2368.jpg,0,4
2369.jpg,0,5
2370.jpg,1,4
2371.jpg,1,0
2372.jpg,2,6
2373.jpg,0,5
2374.jpg,2,0
2375.jpg,2,5
2376.jpg,1,2
2377.jpg,1,1
2378.jpg,0,5
2379.jpg,2,6
2380.jpg,2,6
2381.jpg,1,1
2382.jpg,2,6
2383.jpg,1,5
2384.jpg,0,2
2385.jpg,2,2
2386.jpg,0,2
2387.jpg,2,1
2388.jpg,1,2
2389.jpg,0,0
2390.jpg,2,5
2391.jpg,0,3
2392.jpg,2,6
2393.jpg,1,6
2394.jpg,0,4
2395.jpg,1,0
2396.jpg,2,1
2397.jpg,1,0
2398.jpg,2,4
2399.jpg,0,5
2400.jpg,1,3
2401.jpg,1,0
2402.jpg,1,4
2403.jpg,0,1
2404.jpg,2,2
2405.jpg,1,2
2406.jpg,0,2
2407.jpg,2,6
2408.jpg,1,3
2409.jpg,0,2
2410.jpg,1,4
2411.jpg,2,4
2412.jpg,1,3
2413.jpg,0,0
2414.jpg,0,2
2415.jpg,1,2
2416.jpg,2,1
2417.jpg,2,2
2418.jpg,1,6
2419.jpg,1,6
2420.jpg,2,5
2421.jpg,1,3
2422.jpg,0,2
2423.jpg,0,0
2424.jpg,2,4
2425.jpg,2,5
2426.jpg,0,6
2427.jpg,0,4
2428.jpg,2,4
2429.jpg,1,5
2430.jpg,2,5
2431.jpg,2,6
2432.jpg,1,5
2433.jpg,0,6
2434.jpg,1,6
2435.jpg,1,1
2436.jpg,1,4
2437.jpg,2,5
2438.jpg,1,2
2439.jpg,2,6
2440.jpg,2,4
2441.jpg,2,5
2442.jpg,2,4
2443.jpg,1,5
2444.jpg,1,3
2445.jpg,2,0
2446.jpg,2,4
2447.jpg,1,6
2448.jpg,2,3
2449.jpg,0,1
2450.jpg,2,3
2451.jpg,0,6
2452.jpg,0,6
2453.jpg,1,3
2454.jpg,1,0
2455.jpg,2,4
2456.jpg,2,0
2457.jpg,0,6
2458.jpg,1,0
2459.jpg,1,3
2460.jpg,0,3
2461.jpg,1,0
2462.jpg,0,3
2463.jpg,1,6
2464.jpg,0,2
2465.jpg,1,2
2466.jpg,1,5
2467.jpg,0,2
2468.jpg,1,3
2469.jpg,2,6
2470.jpg,1,6
2471.jpg,0,0
2472.jpg,2,3
2473.jpg,0,2
2474.jpg,2,6
2475.jpg,1,3
2476.jpg,2,3
2477.jpg,0,3
2478.jpg,2,4
2479.jpg,0,6
2480.jpg,2,1
2481.jpg,2,4
2482.jpg,1,0
2483.jpg,2,2
2484.jpg,2,2
2485.jpg,0,6
2486.jpg,2,6
2487.jpg,0,6
2488.jpg,0,1
2489.jpg,2,1
2490.jpg,1,3
2491.jpg,0,1
2492.jpg,1,6
2493.jpg,2,5
2494.jpg,0,4
2495.jpg,1,2
2496.jpg,2,1
2497.jpg,1,2
2498.jpg,0,5
2499.jpg,0,0
2500.jpg,0,1
2501.jpg,2,3
2502.jpg,1,1
2503.jpg,0,6
2504.jpg,2,4
2505.jpg,1,5
2506.jpg,2,4
2507.jpg,2,0
2508.jpg,1,2
2509.jpg,2,4
2510.jpg,1,2
2511.jpg,0,6
2512.jpg,2,2
2513.jpg,1,3
2514.jpg,1,6
2515.jpg,1,5
2516.jpg,0,4
2517.jpg,2,3
2518.jpg,0,6
2519.jpg,0,2
2520.jpg,1,4
2521.jpg,1,6
2522.jpg,2,6
2523.jpg,0,5
2524.jpg,1,6
2525.jpg,1,2
2526.jpg,2,5
2527.jpg,2,3
2528.jpg,2,5
2529.jpg,2,6
2530.jpg,1,0
2531.jpg,2,0
2532.jpg,0,1
2533.jpg,2,4
2534.jpg,1,3
2535.jpg,2,5
2536.jpg,1,4
2537.jpg,0,5
2538.jpg,1,4
2539.jpg,1,2
2540.jpg,1,3
2541.jpg,1,2
2542.jpg,0,6
2543.jpg,1,5
2544.jpg,0,6
2545.jpg,2,1
2546.jpg,2,4
2547.jpg,2,6
2548.jpg,2,3
2549.jpg,0,0
2550.jpg,2,6
2551.jpg,1,0
2552.jpg,0,0
2553.jpg,2,0
2554.jpg,0,6
2555.jpg,2,5
2556.jpg,0,4
2557.jpg,0,0
2558.jpg,1,3
2559.jpg,2,0
2560.jpg,1,0
2561.jpg,1,2
2562.jpg,1,1
2563.jpg,1,2
2564.jpg,2,3
2565.jpg,2,4
2566.jpg,2,0
2567.jpg,0,2
2568.jpg,2,0
2569.jpg,1,6
2570.jpg,1,4
2571.jpg,1,1
2572.jpg,1,4
2573.jpg,1,6
2574.jpg,0,6
2575.jpg,1,3
2576.jpg,0,0
2577.jpg,1,4
2578.jpg,0,6
2579.jpg,1,5
2580.jpg,1,2
2581.jpg,0,0
2582.jpg,2,1
2583.jpg,2,6
2584.jpg,2,0
2585.jpg,1,6
2586.jpg,0,4
2587.jpg,2,2
2588.jpg,1,6
2589.jpg,0,6
2590.jpg,1,3
2591.jpg,1,0
2592.jpg,0,0
2593.jpg,2,5
2594.jpg,2,3
2595.jpg,2,2
2596.jpg,2,3
2597.jpg,2,0
2598.jpg,0,1
2599.jpg,1,3
2600.jpg,2,2
2601.jpg,1,5
2602.jpg,1,3
2603.jpg,2,0
2604.jpg,0,3
2605.jpg,1,0
2606.jpg,1,3
2607.jpg,0,4
2608.jpg,1,6
2609.jpg,2,6
2610.jpg,1,2
2611.jpg,0,5
2612.jpg,0,5
2613.jpg,0,5
2614.jpg,1,3
2615.jpg,0,1
2616.jpg,2,1
2617.jpg,1,3
2618.jpg,0,6
2619.jpg,2,3
2620.jpg,1,3
2621.jpg,1,4
2622.jpg,1,3
2623.jpg,1,4
2624.jpg,0,6
2625.jpg,1,4
2626.jpg,0,6
2627.jpg,1,6
2628.jpg,0,4
2629.jpg,1,0
2630.jpg,1,6
2631.jpg,0,2
2632.jpg,1,4
2633.jpg,0,2
2634.jpg,1,2
2635.jpg,2,1
2636.jpg,0,4
2637.jpg,2,6
2638.jpg,2,1
2639.jpg,2,0
2640.jpg,2,6
2641.jpg,2,2
2642.jpg,2,5
2643.jpg,2,5
2644.jpg,1,1
2645.jpg,2,3
2646.jpg,0,0
2647.jpg,1,6
2648.jpg,0,6
2649.jpg,0,5
2650.jpg,2,2
2651.jpg,2,1
2652.jpg,1,3
2653.jpg,0,6
2654.jpg,2,2
2655.jpg,2,5
2656.jpg,1,6
2657.jpg,1,3
2658.jpg,0,6
2659.jpg,2,4
2660.jpg,2,3
2661.jpg,0,3
2662.jpg,2,2
2663.jpg,2,2
2664.jpg,1,3
2665.jpg,0,6
2666.jpg,1,2
2667.jpg,1,1
2668.jpg,2,4
2669.jpg,1,0
2670.jpg,1,6
2671.jpg,2,4
2672.jpg,1,6
2673.jpg,1,2
2674.jpg,2,5
2675.jpg,2,2
2676.jpg,0,6
2677.jpg,0,0
2678.jpg,1,6
2679.jpg,2,2
2680.jpg,2,3
2681.jpg,1,6
2682.jpg,0,6
2683.jpg,2,6
2684.jpg,2,5
2685.jpg,1,3
2686.jpg,2,0
2687.jpg,2,0
2688.jpg,1,3
2689.jpg,2,2
2690.jpg,0,2
2691.jpg,0,2
2692.jpg,1,4
2693.jpg,1,6
2694.jpg,2,4
2695.jpg,2,6
2696.jpg,1,3
2697.jpg,2,6
2698.jpg,2,3
2699.jpg,0,1
2700.jpg,2,4
2701.jpg,2,6
2702.jpg,1,2
2703.jpg,2,5
2704.jpg,0,2
2705.jpg,2,4
2706.jpg,0,2
2707.jpg,1,3
2708.jpg,2,0
2709.jpg,2,5
2710.jpg,0,4
2711.jpg,0,5
2712.jpg,1,0
2713.jpg,1,4
2714.jpg,2,2
2715.jpg,2,4
2716.jpg,2,0
2717.jpg,1,2
2718.jpg,2,5
2719.jpg,1,4
2720.jpg,1,3
2721.jpg,2,5
2722.jpg,2,3
2723.jpg,2,6
2724.jpg,1,3
2725.jpg,1,6
2726.jpg,0,5
2727.jpg,0,6
2728.jpg,2,2
2729.jpg,2,5
2730.jpg,0,5
2731.jpg,0,0
2732.jpg,1,0
2733.jpg,0,2
2734.jpg,0,3
2735.jpg,2,4
2736.jpg,1,4
2737.jpg,0,2
2738.jpg,0,4
2739.jpg,2,6
2740.jpg,0,2
2741.jpg,2,4
2742.jpg,1,2
2743.jpg,0,1
2744.jpg,1,0
2745.jpg,0,3
2746.jpg,2,5
2747.jpg,2,0
2748.jpg,2,2
2749.jpg,2,3
2750.jpg,0,2
2751.jpg,0,0
2752.jpg,0,1
2753.jpg,2,1
2754.jpg,2,5
2755.jpg,2,5
2756.jpg,1,3
2757.jpg,2,4
2758.jpg,2,4
2759.jpg,1,6
2760.jpg,2,3
2761.jpg,0,2
2762.jpg,0,1
2763.jpg,0,0
2764.jpg,2,6
2765.jpg,1,0
2766.jpg,1,2
2767.jpg,0,4
2768.jpg,2,5
2769.jpg,0,6
2770.jpg,2,3
2771.jpg,1,1
2772.jpg,0,2
2773.jpg,2,0
2774.jpg,2,6
2775.jpg,2,2
2776.jpg,2,0
2777.jpg,0,1
2778.jpg,2,6
2779.jpg,1,6
2780.jpg,2,0
2781.jpg,0,3
2782.jpg,2,0
2783.jpg,1,0
2784.jpg,1,0
2785.jpg,2,1
2786.jpg,2,4
2787.jpg,1,3
2788.jpg,2,3
2789.jpg,2,4
2790.jpg,1,1
2791.jpg,1,5
2792.jpg,0,0
2793.jpg,2,1
2794.jpg,2,0
2795.jpg,0,1
2796.jpg,1,6
2797.jpg,1,3
2798.jpg,1,2
2799.jpg,1,6
2800.jpg,1,6
2801.jpg,2,2
2802.jpg,2,6
2803.jpg,2,3
2804.jpg,2,1
2805.jpg,2,2
2806.jpg,1,3
2807.jpg,0,3
2808.jpg,1,2
2809.jpg,2,3
2810.jpg,0,6
2811.jpg,2,6
2812.jpg,0,5
2813.jpg,0,2
2814.jpg,0,5
2815.jpg,2,2
2816.jpg,2,1
2817.jpg,2,0
2818.jpg,0,6
2819.jpg,2,5
2820.jpg,0,3
2821.jpg,1,2
2822.jpg,1,0
2823.jpg,0,6
2824.jpg,0,6
2825.jpg,0,2
2826.jpg,0,5
2827.jpg,2,2
2828.jpg,2,6
2829.jpg,1,2
2830.jpg,2,4
2831.jpg,2,2
2832.jpg,0,4
2833.jpg,0,2
2834.jpg,1,6
2835.jpg,0,3
2836.jpg,0,2
2837.jpg,0,1
2838.jpg,1,3
2839.jpg,0,5
2840.jpg,2,6
2841.jpg,1,6
2842.jpg,2,4
2843.jpg,0,6
2844.jpg,0,5
2845.jpg,0,1
2846.jpg,1,6
2847.jpg,2,4
2848.jpg,1,6
2849.jpg,0,2
2850.jpg,1,2
2851.jpg,1,6
2852.jpg,2,4
2853.jpg,1,6
2854.jpg,1,6
2855.jpg,1,0
2856.jpg,2,6
2857.jpg,1,6
2858.jpg,2,5
2859.jpg,1,0
2860.jpg,2,1
2861.jpg,1,0
2862.jpg,1,0
2863.jpg,1,1
2864.jpg,2,4
2865.jpg,2,0
2866.jpg,0,6
2867.jpg,2,4
2868.jpg,1,3
2869.jpg,2,2
2870.jpg,1,1
2871.jpg,0,3
2872.jpg,0,2
2873.jpg,2,0
2874.jpg,1,4
2875.jpg,0,2
2876.jpg,2,6
2877.jpg,2,3
2878.jpg,0,2
2879.jpg,2,5
2880.jpg,1,4
2881.jpg,2,6
2882.jpg,2,3
2883.jpg,1,0
2884.jpg,2,3
2885.jpg,2,5
2886.jpg,0,4
2887.jpg,1,0
2888.jpg,2,0
2889.jpg,1,5
2890.jpg,1,2
2891.jpg,2,5
2892.jpg,1,0
2893.jpg,1,2
2894.jpg,0,4
2895.jpg,1,0
2896.jpg,2,6
2897.jpg,1,3
2898.jpg,0,0
2899.jpg,2,6
2900.jpg,1,3
2901.jpg,2,5
2902.jpg,1,6
2903.jpg,1,3
2904.jpg,1,0
2905.jpg,2,3
2906.jpg,2,4
2907.jpg,2,5
2908.jpg,1,4
2909.jpg,1,4
2910.jpg,0,5
2911.jpg,2,3
2912.jpg,1,2
2913.jpg,1,6
2914.jpg,2,2
2915.jpg,1,0
2916.jpg,2,4
2917.jpg,1,4
2918.jpg,2,6
2919.jpg,1,1
2920.jpg,1,0
2921.jpg,1,1
2922.jpg,2,2
2923.jpg,2,4
2924.jpg,1,6
2925.jpg,2,4
2926.jpg,1,6
2927.jpg,2,5
2928.jpg,1,0
2929.jpg,1,0
2930.jpg,2,6
2931.jpg,0,6
2932.jpg,0,6
2933.jpg,2,5
2934.jpg,1,1
2935.jpg,1,2
2936.jpg,1,6
2937.jpg,2,5
2938.jpg,2,5
2939.jpg,1,6
2940.jpg,2,6
2941.jpg,2,6
2942.jpg,0,6
2943.jpg,1,5
2944.jpg,1,6
2945.jpg,2,4
2946.jpg,1,3
2947.jpg,2,5
2948.jpg,2,6
2949.jpg,1,4
2950.jpg,2,6
2951.jpg,1,6
2952.jpg,0,2
2953.jpg,0,4
2954.jpg,0,3
2955.jpg,1,0
2956.jpg,1,4
2957.jpg,2,6
2958.jpg,1,3
2959.jpg,1,2
2960.jpg,2,4
2961.jpg,2,0
2962.jpg,2,4
2963.jpg,0,4
2964.jpg,2,3
2965.jpg,1,6
2966.jpg,2,3
2967.jpg,0,6
2968.jpg,1,3
2969.jpg,2,6
2970.jpg,2,5
2971.jpg,0,6
2972.jpg,1,6
2973.jpg,2,5
2974.jpg,0,4
2975.jpg,0,1
2976.jpg,0,2
2977.jpg,1,2
2978.jpg,1,2
2979.jpg,2,3
2980.jpg,2,5
2981.jpg,2,0
2982.jpg,0,6
2983.jpg,1,2
2984.jpg,2,6
2985.jpg,0,2
2986.jpg,2,3
2987.jpg,2,2
2988.jpg,0,1
2989.jpg,2,6
2990.jpg,2,4
2991.jpg,1,1
2992.jpg,1,3
2993.jpg,1,4
2994.jpg,0,2
2995.jpg,1,0
2996.jpg,0,5
2997.jpg,0,4
2998.jpg,0,5
2999.jpg,0,1
3000.jpg,0,5
3001.jpg,0,3
3002.jpg,1,6
3003.jpg,0,5
3004.jpg,0,6
3005.jpg,0,0
3006.jpg,1,2
3007.jpg,0,4
3008.jpg,0,6
3009.jpg,1,6
3010.jpg,2,5
3011.jpg,1,0
3012.jpg,2,4
3013.jpg,2,0
3014.jpg,2,6
3015.jpg,1,2
3016.jpg,2,4
3017.jpg,0,6
3018.jpg,2,5
3019.jpg,1,6
3020.jpg,2,5
3021.jpg,1,3
3022.jpg,0,0
3023.jpg,0,5
3024.jpg,2,2
3025.jpg,1,3
3026.jpg,0,2
3027.jpg,0,6
3028.jpg,0,6
3029.jpg,2,4
3030.jpg,0,5
3031.jpg,1,5
3032.jpg,1,5
3033.jpg,2,4
3034.jpg,0,5
3035.jpg,1,1
3036.jpg,1,3
3037.jpg,1,3
3038.jpg,2,3
3039.jpg,2,4
3040.jpg,1,2
3041.jpg,0,4
3042.jpg,0,6
3043.jpg,2,0
3044.jpg,1,2
3045.jpg,2,1
3046.jpg,1,3
3047.jpg,0,1
3048.jpg,2,5
3049.jpg,0,6
3050.jpg,2,2
3051.jpg,0,6
3052.jpg,1,6
3053.jpg,2,6
3054.jpg,0,4
3055.jpg,0,6
3056.jpg,0,1
3057.jpg,0,0
3058.jpg,0,2
3059.jpg,2,0
3060.jpg,2,5
3061.jpg,0,5
3062.jpg,1,6
3063.jpg,0,4
3064.jpg,2,6
3065.jpg,2,3
3066.jpg,1,5
3067.jpg,2,0
3068.jpg,2,6
3069.jpg,2,3
3070.jpg,1,3
3071.jpg,1,4
3072.jpg,1,3
3073.jpg,2,0
3074.jpg,1,0
3075.jpg,0,6
3076.jpg,1,4
3077.jpg,1,0
3078.jpg,2,0
3079.jpg,1,5
3080.jpg,1,5
3081.jpg,2,6
3082.jpg,0,1
3083.jpg,0,3
3084.jpg,2,5
3085.jpg,0,5
3086.jpg,1,2
3087.jpg,2,4
3088.jpg,1,6
3089.jpg,0,4
3090.jpg,2,6
3091.jpg,2,4
3092.jpg,2,3
3093.jpg,0,2
3094.jpg,1,0
3095.jpg,2,3
3096.jpg,1,5
3097.jpg,0,5
3098.jpg,2,0
3099.jpg,1,6
3100.jpg,2,5
3101.jpg,1,0
3102.jpg,1,5
3103.jpg,0,3
3104.jpg,1,3
3105.jpg,2,6
3106.jpg,1,0
3107.jpg,2,2
3108.jpg,0,4
3109.jpg,2,4
3110.jpg,1,5
3111.jpg,1,6
3112.jpg,0,0
3113.jpg,2,2
3114.jpg,0,1
3115.jpg,1,5
3116.jpg,0,6
3117.jpg,2,2
3118.jpg,1,6
3119.jpg,1,6
3120.jpg,0,0
3121.jpg,1,3
3122.jpg,0,5
3123.jpg,1,6
3124.jpg,2,3
3125.jpg,2,5
3126.jpg,1,3
3127.jpg,0,5
3128.jpg,2,4
3129.jpg,2,6
3130.jpg,0,6
3131.jpg,1,1
3132.jpg,1,6
3133.jpg,2,3
3134.jpg,1,3
3135.jpg,2,5
3136.jpg,1,6
3137.jpg,0,1
3138.jpg,2,0
3139.jpg,2,3
3140.jpg,2,5
3141.jpg,2,4
3142.jpg,0,5
3143.jpg,1,1
3144.jpg,0,0
3145.jpg,1,6
3146.jpg,0,1
3147.jpg,2,6
3148.jpg,2,0
3149.jpg,1,2
3150.jpg,2,1
3151.jpg,1,0
3152.jpg,2,4
3153.jpg,1,2
3154.jpg,2,3
3155.jpg,2,2
3156.jpg,1,1
3157.jpg,1,4
3158.jpg,2,3
3159.jpg,1,2
3160.jpg,1,2
3161.jpg,0,6
3162.jpg,2,1
3163.jpg,0,1
3164.jpg,1,3
3165.jpg,2,1
3166.jpg,2,3
3167.jpg,2,3
3168.jpg,0,2
3169.jpg,1,3
3170.jpg,1,5
3171.jpg,2,0
3172.jpg,0,6
3173.jpg,0,3
3174.jpg,0,3
3175.jpg,1,0
3176.jpg,2,3
3177.jpg,1,6
3178.jpg,2,6
3179.jpg,2,5
3180.jpg,0,6
3181.jpg,1,0
3182.jpg,0,2
3183.jpg,0,5
3184.jpg,2,5
3185.jpg,1,4
3186.jpg,1,1
3187.jpg,2,0
3188.jpg,0,2
3189.jpg,0,6
3190.jpg,2,6
3191.jpg,1,3
3192.jpg,1,0
3193.jpg,2,2
3194.jpg,2,3
3195.jpg,0,2
3196.jpg,1,6
3197.jpg,2,3
3198.jpg,0,6
3199.jpg,1,4
3200.jpg,2,0
3201.jpg,1,6
3202.jpg,2,5
3203.jpg,2,6
3204.jpg,1,4
3205.jpg,2,0
3206.jpg,0,0
3207.jpg,2,3
3208.jpg,0,0
3209.jpg,2,6
3210.jpg,1,4
3211.jpg,1,6
3212.jpg,1,5
3213.jpg,1,3
3214.jpg,0,1
3215.jpg,2,5
3216.jpg,2,2
3217.jpg,0,6
3218.jpg,1,2
3219.jpg,0,2
3220.jpg,2,1
3221.jpg,1,2
3222.jpg,2,6
3223.jpg,1,6
3224.jpg,0,1
3225.jpg,0,2
3226.jpg,1,3
3227.jpg,2,3
3228.jpg,0,6
3229.jpg,2,0
3230.jpg,2,1
3231.jpg,2,3
3232.jpg,0,1
3233.jpg,0,6
3234.jpg,1,4
3235.jpg,0,5
3236.jpg,0,4
3237.jpg,1,6
3238.jpg,1,6
3239.jpg,1,6
3240.jpg,2,3
3241.jpg,2,4
3242.jpg,2,6
3243.jpg,2,3
3244.jpg,2,2
3245.jpg,2,3
3246.jpg,2,0
3247.jpg,2,3
3248.jpg,2,1
3249.jpg,0,4
3250.jpg,1,2
3251.jpg,0,5
3252.jpg,1,1
3253.jpg,2,3
3254.jpg,2,3
3255.jpg,0,2
3256.jpg,0,1
3257.jpg,2,5
3258.jpg,0,1
3259.jpg,2,1
3260.jpg,1,6
3261.jpg,1,6
3262.jpg,1,6
3263.jpg,1,2
3264.jpg,0,6
3265.jpg,1,4
3266.jpg,2,3
3267.jpg,2,0
3268.jpg,0,6
3269.jpg,0,4
3270.jpg,0,1
3271.jpg,2,4
3272.jpg,2,1
3273.jpg,0,6
3274.jpg,2,4
3275.jpg,0,2
3276.jpg,1,5
3277.jpg,2,5
3278.jpg,0,2
3279.jpg,2,1
3280.jpg,2,6
3281.jpg,1,2
3282.jpg,2,1
3283.jpg,0,2
3284.jpg,0,1
3285.jpg,2,0
3286.jpg,2,2
3287.jpg,0,0
3288.jpg,0,1
3289.jpg,1,6
3290.jpg,1,4
3291.jpg,1,0
3292.jpg,0,0
3293.jpg,1,1
3294.jpg,2,4
3295.jpg,0,2
3296.jpg,2,2
3297.jpg,1,0
3298.jpg,1,3
3299.jpg,2,0
3300.jpg,2,6
3301.jpg,1,6
3302.jpg,1,5
3303.jpg,2,5
3304.jpg,1,2
3305.jpg,0,3
3306.jpg,0,6
3307.jpg,1,3
3308.jpg,1,3
3309.jpg,2,6
3310.jpg,2,4
3311.jpg,1,3
3312.jpg,1,5
3313.jpg,0,3
3314.jpg,0,6
3315.jpg,1,4
3316.jpg,2,2
3317.jpg,1,3
3318.jpg,1,3
3319.jpg,0,5
3320.jpg,1,3
3321.jpg,2,5
3322.jpg,1,3
3323.jpg,1,2
3324.jpg,2,4
3325.jpg,2,3
3326.jpg,0,2
3327.jpg,2,0
3328.jpg,1,4
3329.jpg,2,1
3330.jpg,1,1
3331.jpg,0,2
3332.jpg,0,6
3333.jpg,0,6
3334.jpg,0,6
3335.jpg,1,6
3336.jpg,1,0
3337.jpg,2,4
3338.jpg,2,1
3339.jpg,1,4
3340.jpg,0,0
3341.jpg,1,6
3342.jpg,2,1
3343.jpg,2,6
3344.jpg,0,3
3345.jpg,1,2
3346.jpg,1,0
3347.jpg,2,4
3348.jpg,0,6
3349.jpg,1,5
3350.jpg,1,5
3351.jpg,1,1
3352.jpg,2,6
3353.jpg,0,4
3354.jpg,0,1
3355.jpg,1,3
3356.jpg,2,2
3357.jpg,0,6
3358.jpg,2,5
3359.jpg,1,5
3360.jpg,2,3
3361.jpg,1,3
3362.jpg,1,6
3363.jpg,2,6
3364.jpg,2,4
3365.jpg,2,6
3366.jpg,1,5
3367.jpg,1,1
3368.jpg,1,0
3369.jpg,1,3
3370.jpg,2,0
3371.jpg,2,0
3372.jpg,2,1
3373.jpg,0,6
3374.jpg,0,3
3375.jpg,2,4
3376.jpg,2,4
3377.jpg,0,6
3378.jpg,2,1
3379.jpg,1,0
3380.jpg,0,2
3381.jpg,2,0
3382.jpg,2,3
3383.jpg,1,6
3384.jpg,1,5
3385.jpg,2,3
3386.jpg,1,6
3387.jpg,0,1
3388.jpg,1,3
3389.jpg,2,2
3390.jpg,2,0
3391.jpg,0,6
3392.jpg,1,2
3393.jpg,1,6
3394.jpg,0,0
3395.jpg,2,2
3396.jpg,1,6
3397.jpg,1,6
3398.jpg,1,6
3399.jpg,0,6
3400.jpg,1,3
3401.jpg,1,2
3402.jpg,1,0
3403.jpg,2,2
3404.jpg,1,6
3405.jpg,2,6
3406.jpg,0,6
3407.jpg,0,1
3408.jpg,2,0
3409.jpg,1,5
3410.jpg,0,3
3411.jpg,2,1
3412.jpg,1,4
3413.jpg,1,0
3414.jpg,2,6
3415.jpg,2,3
3416.jpg,2,0
3417.jpg,1,6
3418.jpg,2,0
3419.jpg,1,1
3420.jpg,0,3
3421.jpg,1,1
3422.jpg,1,0
3423.jpg,0,2
3424.jpg,1,3
3425.jpg,0,3
3426.jpg,0,0
3427.jpg,2,3
3428.jpg,1,1
3429.jpg,2,3
3430.jpg,1,1
3431.jpg,1,2
3432.jpg,2,3
3433.jpg,2,6
3434.jpg,2,6
3435.jpg,0,6
3436.jpg,1,2
3437.jpg,2,2
3438.jpg,2,6
3439.jpg,2,4
3440.jpg,0,2
3441.jpg,2,0
3442.jpg,0,1
3443.jpg,1,6
3444.jpg,2,6
3445.jpg,1,0
3446.jpg,1,3
3447.jpg,2,3
3448.jpg,0,4
3449.jpg,1,0
3450.jpg,0,3
3451.jpg,2,6
3452.jpg,1,2
3453.jpg,1,6
3454.jpg,2,3
3455.jpg,1,4
3456.jpg,2,2
3457.jpg,0,4
3458.jpg,2,3
3459.jpg,1,5
3460.jpg,1,3
3461.jpg,0,6
3462.jpg,0,0
3463.jpg,0,4
3464.jpg,2,6
3465.jpg,1,6
3466.jpg,0,2
3467.jpg,0,5
3468.jpg,2,0
3469.jpg,2,2
3470.jpg,0,4
3471.jpg,0,6
3472.jpg,2,0
3473.jpg,0,4
3474.jpg,2,2
3475.jpg,1,5
3476.jpg,2,4
3477.jpg,1,4
3478.jpg,0,6
3479.jpg,0,3
3480.jpg,1,1
3481.jpg,2,0
3482.jpg,2,1
3483.jpg,2,1
3484.jpg,2,3
3485.jpg,1,3
3486.jpg,2,2
3487.jpg,0,2
3488.jpg,0,4
3489.jpg,0,4
3490.jpg,2,0
3491.jpg,1,0
3492.jpg,1,2
3493.jpg,0,5
3494.jpg,0,3
3495.jpg,1,6
3496.jpg,1,0
3497.jpg,1,0
3498.jpg,1,6
3499.jpg,1,6
3500.jpg,1,6
3501.jpg,2,6
3502.jpg,1,2
3503.jpg,1,5
3504.jpg,1,6
3505.jpg,2,5
3506.jpg,1,3
3507.jpg,0,5
3508.jpg,1,2
3509.jpg,0,6
3510.jpg,0,4
3511.jpg,2,4
3512.jpg,2,6
3513.jpg,0,1
3514.jpg,2,6
3515.jpg,2,5
3516.jpg,1,2
3517.jpg,1,4
3518.jpg,0,4
3519.jpg,1,6
3520.jpg,1,3
3521.jpg,2,1
3522.jpg,1,5
3523.jpg,1,3
3524.jpg,1,2
3525.jpg,1,1
3526.jpg,2,5
3527.jpg,2,0
3528.jpg,2,0
3529.jpg,2,5
3530.jpg,0,3
3531.jpg,1,4
3532.jpg,2,4
3533.jpg,2,6
3534.jpg,2,6
3535.jpg,0,5
3536.jpg,2,3
3537.jpg,2,6
3538.jpg,0,1
3539.jpg,1,3
3540.jpg,0,6
3541.jpg,2,0
3542.jpg,0,5
3543.jpg,1,2
3544.jpg,1,2
3545.jpg,2,1
3546.jpg,1,4
3547.jpg,2,3
3548.jpg,1,3
3549.jpg,1,2
3550.jpg,0,4
3551.jpg,2,3
3552.jpg,2,0
3553.jpg,0,5
3554.jpg,2,6
3555.jpg,2,0
3556.jpg,1,0
3557.jpg,2,6
3558.jpg,0,0
3559.jpg,0,3
3560.jpg,0,6
3561.jpg,0,2
3562.jpg,2,6
3563.jpg,0,3
3564.jpg,0,5
3565.jpg,0,6
3566.jpg,1,0
3567.jpg,1,5
3568.jpg,2,3
3569.jpg,1,5
3570.jpg,0,6
3571.jpg,1,5
3572.jpg,1,1
3573.jpg,2,2
3574.jpg,0,4
3575.jpg,1,2
3576.jpg,2,3
3577.jpg,1,0
3578.jpg,2,5
3579.jpg,0,0
3580.jpg,2,3
3581.jpg,0,2
3582.jpg,0,0
3583.jpg,0,4
3584.jpg,2,5
3585.jpg,2,5
3586.jpg,1,3
3587.jpg,0,5
3588.jpg,2,3
3589.jpg,0,6
3590.jpg,2,6
3591.jpg,0,1
3592.jpg,1,2
3593.jpg,1,5
3594.jpg,0,3
3595.jpg,0,6
3596.jpg,0,6
3597.jpg,0,1
3598.jpg,0,4
3599.jpg,2,3
3600.jpg,2,4
3601.jpg,2,4
3602.jpg,1,6
3603.jpg,2,3
3604.jpg,2,4
3605.jpg,2,3
3606.jpg,1,5
3607.jpg,2,5
3608.jpg,1,1
3609.jpg,1,5
3610.jpg,2,2
3611.jpg,1,2
3612.jpg,0,5
3613.jpg,2,0
3614.jpg,2,6
3615.jpg,2,6
3616.jpg,0,2
3617.jpg,2,3
3618.jpg,2,3
3619.jpg,1,4
3620.jpg,2,3
3621.jpg,1,2
3622.jpg,1,0
3623.jpg,0,3
3624.jpg,1,6
3625.jpg,1,1
3626.jpg,0,3
3627.jpg,0,6
3628.jpg,1,2
3629.jpg,1,2
3630.jpg,0,4
3631.jpg,1,5
3632.jpg,1,3
3633.jpg,2,2
3634.jpg,2,5
3635.jpg,0,4
3636.jpg,1,2
3637.jpg,1,3
3638.jpg,1,1
3639.jpg,1,0
3640.jpg,1,0
3641.jpg,0,6
3642.jpg,0,2
3643.jpg,2,3
3644.jpg,1,4
3645.jpg,2,5
3646.jpg,2,3
3647.jpg,0,6
3648.jpg,0,5
3649.jpg,0,0
3650.jpg,1,3
3651.jpg,0,5
3652.jpg,2,2
3653.jpg,1,6
3654.jpg,1,6
3655.jpg,1,3
3656.jpg,2,3
3657.jpg,2,2
3658.jpg,1,6
3659.jpg,2,4
3660.jpg,0,3
3661.jpg,0,2
3662.jpg,1,2
3663.jpg,0,6
3664.jpg,2,5
3665.jpg,0,3
3666.jpg,0,3
3667.jpg,2,6
3668.jpg,1,3
3669.jpg,1,0
3670.jpg,1,0
3671.jpg,2,0
3672.jpg,2,6
3673.jpg,2,6
3674.jpg,2,4
3675.jpg,2,3
3676.jpg,0,6
3677.jpg,2,3
3678.jpg,0,6
3679.jpg,2,4
3680.jpg,2,4
3681.jpg,0,2
3682.jpg,2,0
3683.jpg,1,2
3684.jpg,2,2
3685.jpg,1,1
3686.jpg,0,2
3687.jpg,0,6
3688.jpg,1,6
3689.jpg,1,2
3690.jpg,2,6
3691.jpg,2,3
3692.jpg,2,6
3693.jpg,1,3
3694.jpg,0,5
3695.jpg,0,4
3696.jpg,1,4
3697.jpg,0,6
3698.jpg,2,0
3699.jpg,1,4
3700.jpg,1,4
3701.jpg,0,6
3702.jpg,0,1
3703.jpg,1,6
3704.jpg,2,3
3705.jpg,2,0
3706.jpg,1,2
3707.jpg,1,3
3708.jpg,0,6
3709.jpg,1,2
3710.jpg,1,5
3711.jpg,1,4
3712.jpg,2,4
3713.jpg,2,5
3714.jpg,1,6
3715.jpg,2,4
3716.jpg,1,1
3717.jpg,2,3
3718.jpg,2,2
3719.jpg,2,5
3720.jpg,0,2
3721.jpg,2,6
3722.jpg,1,6
3723.jpg,1,5
3724.jpg,0,6
3725.jpg,2,6
3726.jpg,1,5
3727.jpg,2,2
3728.jpg,2,6
3729.jpg,0,2
3730.jpg,0,3
3731.jpg,2,1
3732.jpg,2,5
3733.jpg,2,0
3734.jpg,2,3
3735.jpg,2,2
3736.jpg,2,2
3737.jpg,1,3
3738.jpg,2,4
3739.jpg,2,2
3740.jpg,1,0
3741.jpg,2,2
3742.jpg,2,4
3743.jpg,0,0
3744.jpg,2,1
3745.jpg,0,1
3746.jpg,1,5
3747.jpg,1,5
3748.jpg,1,1
3749.jpg,2,6
3750.jpg,2,5
3751.jpg,0,4
3752.jpg,0,3
3753.jpg,0,6
3754.jpg,0,3
3755.jpg,2,3
3756.jpg,1,3
3757.jpg,2,1
3758.jpg,2,6
3759.jpg,0,4
3760.jpg,2,0
3761.jpg,0,4
3762.jpg,1,0
3763.jpg,1,6
3764.jpg,2,3
3765.jpg,0,0
3766.jpg,2,0
3767.jpg,0,0
3768.jpg,1,4
3769.jpg,2,6
3770.jpg,2,5
3771.jpg,1,3
3772.jpg,0,1
3773.jpg,0,2
3774.jpg,0,0
3775.jpg,1,6
3776.jpg,1,5
3777.jpg,2,3
3778.jpg,2,3
3779.jpg,0,1
3780.jpg,1,6
3781.jpg,2,4
3782.jpg,2,3
3783.jpg,2,4
3784.jpg,0,2
3785.jpg,2,3
3786.jpg,2,5
3787.jpg,2,0
3788.jpg,2,0
3789.jpg,2,5
3790.jpg,0,1
3791.jpg,2,3
3792.jpg,1,6
3793.jpg,2,5
3794.jpg,2,5
3795.jpg,0,2
3796.jpg,0,6
3797.jpg,1,6
3798.jpg,2,5
3799.jpg,0,0
3800.jpg,0,1
3801.jpg,0,3
3802.jpg,2,0
3803.jpg,0,5
3804.jpg,2,4
3805.jpg,2,0
3806.jpg,1,5
3807.jpg,1,6
3808.jpg,1,0
3809.jpg,1,3
3810.jpg,1,3
3811.jpg,2,0
3812.jpg,2,1
3813.jpg,2,5
3814.jpg,0,2
3815.jpg,2,1
3816.jpg,2,1
3817.jpg,2,3
3818.jpg,2,5
3819.jpg,2,4
3820.jpg,2,2
3821.jpg,2,2
3822.jpg,0,2
3823.jpg,1,6
3824.jpg,0,4
3825.jpg,1,0
3826.jpg,0,2
3827.jpg,1,3
3828.jpg,2,2
3829.jpg,2,5
3830.jpg,2,0
3831.jpg,1,2
3832.jpg,1,1
3833.jpg,2,4
3834.jpg,2,6
3835.jpg,2,5
3836.jpg,1,1
3837.jpg,2,4
3838.jpg,1,4
3839.jpg,0,2
3840.jpg,0,4
3841.jpg,1,5
3842.jpg,1,4
3843.jpg,1,2
3844.jpg,1,6
3845.jpg,1,1
3846.jpg,2,4
3847.jpg,1,0
3848.jpg,0,0
3849.jpg,2,6
3850.jpg,2,5
3851.jpg,0,1
3852.jpg,1,6
3853.jpg,2,6
3854.jpg,1,4
3855.jpg,2,0
3856.jpg,2,5
3857.jpg,1,6
3858.jpg,0,6
3859.jpg,2,5
3860.jpg,2,5
3861.jpg,1,6
3862.jpg,1,4
3863.jpg,1,0
3864.jpg,2,3
3865.jpg,2,5
3866.jpg,2,5
3867.jpg,2,4
3868.jpg,1,2
3869.jpg,1,6
3870.jpg,0,1
3871.jpg,0,4
3872.jpg,1,1
3873.jpg,2,6
3874.jpg,0,6
3875.jpg,0,0
3876.jpg,1,3
3877.jpg,1,1
3878.jpg,2,4
3879.jpg,0,5
3880.jpg,1,5
3881.jpg,1,3
3882.jpg,2,3
3883.jpg,1,2
3884.jpg,0,5
3885.jpg,1,6
3886.jpg,1,0
3887.jpg,1,6
3888.jpg,1,2
3889.jpg,1,6
3890.jpg,1,6
3891.jpg,1,6
3892.jpg,0,3
3893.jpg,0,6
3894.jpg,0,1
3895.jpg,2,4
3896.jpg,1,6
3897.jpg,2,0
3898.jpg,2,3
3899.jpg,1,6
3900.jpg,0,4
3901.jpg,2,0
3902.jpg,2,4
3903.jpg,0,6
3904.jpg,2,0
3905.jpg,2,5
3906.jpg,2,3
3907.jpg,1,4
3908.jpg,1,2
3909.jpg,1,3
3910.jpg,1,3
3911.jpg,1,3
3912.jpg,1,2
3913.jpg,2,3
3914.jpg,1,4
3915.jpg,1,2
3916.jpg,2,3
3917.jpg,2,5
3918.jpg,2,5
3919.jpg,2,4
3920.jpg,1,4
3921.jpg,2,4
3922.jpg,1,1
3923.jpg,0,3
3924.jpg,0,2
3925.jpg,0,2
3926.jpg,0,1
3927.jpg,2,5
3928.jpg,1,6
3929.jpg,1,5
3930.jpg,2,6
3931.jpg,1,6
3932.jpg,2,5
3933.jpg,2,3
3934.jpg,2,5
3935.jpg,0,0
3936.jpg,0,1
3937.jpg,2,5
3938.jpg,1,4
3939.jpg,2,1
3940.jpg,1,2
3941.jpg,2,0
3942.jpg,2,0
3943.jpg,1,4
3944.jpg,0,4
3945.jpg,1,6
3946.jpg,0,4
3947.jpg,1,1
3948.jpg,1,6
3949.jpg,0,4
3950.jpg,1,4
3951.jpg,2,5
3952.jpg,1,6
3953.jpg,1,5
3954.jpg,1,3
3955.jpg,1,1
3956.jpg,2,6
3957.jpg,0,6
3958.jpg,1,6
3959.jpg,2,6
3960.jpg,1,2
3961.jpg,1,6
3962.jpg,2,1
3963.jpg,1,1
3964.jpg,2,2
3965.jpg,1,5
3966.jpg,1,3
3967.jpg,2,5
3968.jpg,2,3
3969.jpg,2,3
3970.jpg,1,6
3971.jpg,1,0
3972.jpg,2,2
3973.jpg,1,0
3974.jpg,0,3
3975.jpg,2,1
3976.jpg,2,2
3977.jpg,2,2
3978.jpg,0,2
3979.jpg,1,6
3980.jpg,2,5
3981.jpg,0,0
3982.jpg,0,0
3983.jpg,0,4
3984.jpg,0,2
3985.jpg,0,4
3986.jpg,1,6
3987.jpg,2,2
3988.jpg,2,0
3989.jpg,0,4
3990.jpg,2,0
3991.jpg,1,4
3992.jpg,1,5
3993.jpg,0,1
3994.jpg,2,0
3995.jpg,2,2
3996.jpg,2,6
3997.jpg,2,6
3998.jpg,1,6
3999.jpg,2,5
4000.jpg,1,3
4001.jpg,1,4
4002.jpg,2,4
4003.jpg,2,2
4004.jpg,1,0
4005.jpg,1,5
4006.jpg,0,4
4007.jpg,0,4
4008.jpg,0,2
4009.jpg,2,5
4010.jpg,2,2
4011.jpg,1,3
4012.jpg,0,1
4013.jpg,2,2
4014.jpg,0,4
4015.jpg,0,2
4016.jpg,1,6
4017.jpg,2,2
4018.jpg,1,0
4019.jpg,1,5
4020.jpg,0,4
4021.jpg,1,4
4022.jpg,2,2
4023.jpg,2,2
4024.jpg,2,5
4025.jpg,2,2
4026.jpg,0,4
4027.jpg,0,5
4028.jpg,0,4
4029.jpg,1,6
4030.jpg,0,3
4031.jpg,2,3
4032.jpg,2,5
4033.jpg,1,6
4034.jpg,2,3
4035.jpg,1,0
4036.jpg,0,4
4037.jpg,2,2
4038.jpg,2,3
4039.jpg,1,1
4040.jpg,0,6
4041.jpg,0,4
4042.jpg,0,3
4043.jpg,0,5
4044.jpg,0,0
4045.jpg,2,4
4046.jpg,1,6
4047.jpg,2,6
4048.jpg,1,4
4049.jpg,1,4
4050.jpg,1,6
4051.jpg,2,5
4052.jpg,2,5
4053.jpg,2,2
4054.jpg,2,6
4055.jpg,1,2
4056.jpg,1,1
4057.jpg,1,6
4058.jpg,1,4
4059.jpg,0,3
4060.jpg,1,2
4061.jpg,0,0
4062.jpg,2,1
4063.jpg,1,2
4064.jpg,1,3
4065.jpg,2,6
4066.jpg,2,4
4067.jpg,2,5
4068.jpg,0,2
4069.jpg,2,5
4070.jpg,2,6
4071.jpg,2,6
4072.jpg,1,2
4073.jpg,2,3
4074.jpg,1,0
4075.jpg,2,0
4076.jpg,0,0
4077.jpg,1,2
4078.jpg,1,0
4079.jpg,1,5
4080.jpg,2,2
4081.jpg,0,0
4082.jpg,2,6
4083.jpg,0,1
4084.jpg,0,1
4085.jpg,1,6
4086.jpg,1,4
4087.jpg,2,6
4088.jpg,2,4
4089.jpg,2,0
4090.jpg,1,0
4091.jpg,1,3
4092.jpg,2,4
4093.jpg,1,2
4094.jpg,0,6
4095.jpg,2,2
4096.jpg,1,5
4097.jpg,2,5
4098.jpg,2,3
4099.jpg,1,2
4100.jpg,1,1
4101.jpg,1,1
4102.jpg,1,1
4103.jpg,0,5
4104.jpg,1,6
4105.jpg,2,5
4106.jpg,0,4
4107.jpg,1,2
4108.jpg,2,3
4109.jpg,2,0
4110.jpg,1,6
4111.jpg,0,6
4112.jpg,0,1
4113.jpg,1,2
4114.jpg,2,2
4115.jpg,2,5
4116.jpg,0,2
4117.jpg,0,2
4118.jpg,1,3
4119.jpg,2,1
4120.jpg,2,2
4121.jpg,2,4
4122.jpg,1,2
4123.jpg,2,3
4124.jpg,1,5
4125.jpg,1,1
4126.jpg,1,5
4127.jpg,1,1
4128.jpg,0,6
4129.jpg,0,5
4130.jpg,2,5
4131.jpg,2,3
4132.jpg,1,1
4133.jpg,2,4
4134.jpg,0,1
4135.jpg,1,4
4136.jpg,0,2
4137.jpg,1,4
4138.jpg,2,1
4139.jpg,2,6
4140.jpg,1,5
4141.jpg,1,1
4142.jpg,1,6
4143.jpg,1,4
4144.jpg,1,3
4145.jpg,2,6
4146.jpg,0,6
4147.jpg,1,2
4148.jpg,0,2
4149.jpg,2,4
4150.jpg,2,4
4151.jpg,0,2
4152.jpg,2,1
4153.jpg,0,3
4154.jpg,2,0
4155.jpg,0,6
4156.jpg,2,4
4157.jpg,2,0
4158.jpg,1,2
4159.jpg,1,5
4160.jpg,2,2
4161.jpg,2,0
4162.jpg,0,6
4163.jpg,1,2
4164.jpg,0,1
4165.jpg,1,2
4166.jpg,1,1
4167.jpg,0,6
4168.jpg,2,2
4169.jpg,2,2
4170.jpg,2,3
4171.jpg,1,4
4172.jpg,2,3
4173.jpg,2,0
4174.jpg,0,5
4175.jpg,1,3
4176.jpg,2,3
4177.jpg,1,3
4178.jpg,1,6
4179.jpg,0,4
4180.jpg,0,4
4181.jpg,0,6
4182.jpg,2,3
4183.jpg,1,5
4184.jpg,0,1
4185.jpg,2,0
4186.jpg,2,6
4187.jpg,0,5
4188.jpg,1,6
4189.jpg,1,4
4190.jpg,1,0
4191.jpg,2,2
4192.jpg,1,3
4193.jpg,0,3
4194.jpg,2,5
4195.jpg,0,4
4196.jpg,2,2
4197.jpg,1,0
4198.jpg,2,4
4199.jpg,1,6
4200.jpg,0,2
4201.jpg,2,2
4202.jpg,0,1
4203.jpg,1,2
4204.jpg,2,5
4205.jpg,0,5
4206.jpg,2,0
4207.jpg,2,3
4208.jpg,2,5
4209.jpg,1,6
4210.jpg,2,2
4211.jpg,2,3
4212.jpg,2,6
4213.jpg,2,5
4214.jpg,0,6
4215.jpg,1,0
4216.jpg,2,5
4217.jpg,1,2
4218.jpg,2,6
4219.jpg,2,6
4220.jpg,0,1
4221.jpg,1,4
4222.jpg,1,0
4223.jpg,0,4
4224.jpg,0,3
4225.jpg,2,0
4226.jpg,2,0
4227.jpg,2,6
4228.jpg,1,6
4229.jpg,1,0
4230.jpg,1,4
4231.jpg,0,2
4232.jpg,0,5
4233.jpg,0,0
4234.jpg,1,1
4235.jpg,2,5
4236.jpg,0,2
4237.jpg,1,2
4238.jpg,1,2
4239.jpg,2,0
4240.jpg,1,2
4241.jpg,1,5
4242.jpg,0,6
4243.jpg,1,2
4244.jpg,2,6
4245.jpg,2,0
4246.jpg,2,0
4247.jpg,2,4
4248.jpg,1,2
4249.jpg,1,1
4250.jpg,1,6
4251.jpg,1,6
4252.jpg,0,3
4253.jpg,2,5
4254.jpg,0,4
4255.jpg,1,4
4256.jpg,2,2
4257.jpg,2,5
4258.jpg,2,3
4259.jpg,2,6
4260.jpg,2,2
4261.jpg,2,0
4262.jpg,2,0
4263.jpg,2,6
4264.jpg,2,3
4265.jpg,2,0
4266.jpg,2,1
4267.jpg,2,0
4268.jpg,1,6
4269.jpg,1,6
4270.jpg,0,2
4271.jpg,1,0
4272.jpg,0,2
4273.jpg,2,5
4274.jpg,0,1
4275.jpg,0,5
4276.jpg,1,2
4277.jpg,1,3
4278.jpg,1,5
4279.jpg,2,4
4280.jpg,0,2
4281.jpg,0,3
4282.jpg,1,2
4283.jpg,2,0
4284.jpg,1,5
4285.jpg,1,6
4286.jpg,1,3
4287.jpg,2,2
4288.jpg,0,2
4289.jpg,0,2
4290.jpg,0,6
4291.jpg,0,3
4292.jpg,0,6
4293.jpg,2,0
4294.jpg,0,2
4295.jpg,0,1
4296.jpg,1,0
4297.jpg,0,1
4298.jpg,1,6
4299.jpg,1,0
4300.jpg,2,3
4301.jpg,0,5
4302.jpg,0,6
4303.jpg,2,4
4304.jpg,0,6
4305.jpg,2,5
4306.jpg,0,2
4307.jpg,2,2
4308.jpg,2,6
4309.jpg,0,0
4310.jpg,2,1
4311.jpg,1,6
4312.jpg,2,5
4313.jpg,1,6
4314.jpg,2,3
4315.jpg,1,5
4316.jpg,0,0
4317.jpg,1,2
4318.jpg,2,3
4319.jpg,2,6
4320.jpg,0,0
4321.jpg,2,5
4322.jpg,2,3
4323.jpg,0,3
4324.jpg,2,4
4325.jpg,2,5
4326.jpg,0,0
4327.jpg,1,6
4328.jpg,2,3
4329.jpg,1,2
4330.jpg,1,6
4331.jpg,1,3
4332.jpg,2,4
4333.jpg,2,4
4334.jpg,1,0
4335.jpg,2,0
4336.jpg,2,4
4337.jpg,0,1
4338.jpg,0,2
4339.jpg,2,2
4340.jpg,1,0
4341.jpg,1,3
4342.jpg,1,1
4343.jpg,0,0
4344.jpg,1,6
4345.jpg,1,6
4346.jpg,1,5
4347.jpg,2,6
4348.jpg,1,4
4349.jpg,0,5
4350.jpg,2,4
4351.jpg,2,5
4352.jpg,1,3
4353.jpg,2,5
4354.jpg,1,5
4355.jpg,0,6
4356.jpg,0,4
4357.jpg,0,5
4358.jpg,1,5
4359.jpg,0,6
4360.jpg,1,6
4361.jpg,2,5
4362.jpg,0,1
4363.jpg,1,0
4364.jpg,0,2
4365.jpg,2,0
4366.jpg,2,1
4367.jpg,2,3
4368.jpg,2,5
4369.jpg,2,4
4370.jpg,2,6
4371.jpg,1,5
4372.jpg,2,4
4373.jpg,1,5
4374.jpg,2,5
4375.jpg,2,1
4376.jpg,0,1
4377.jpg,1,6
4378.jpg,0,2
4379.jpg,0,2
4380.jpg,1,5
4381.jpg,1,0
4382.jpg,0,0
4383.jpg,2,6
4384.jpg,2,5
4385.jpg,0,6
4386.jpg,0,5
4387.jpg,0,6
4388.jpg,0,6
4389.jpg,0,6
4390.jpg,1,6
4391.jpg,2,6
4392.jpg,2,3
4393.jpg,1,6
4394.jpg,1,3
4395.jpg,2,0
4396.jpg,0,2
4397.jpg,2,6
4398.jpg,0,6
4399.jpg,0,6
4400.jpg,1,5
4401.jpg,2,4
4402.jpg,2,5
4403.jpg,2,3
4404.jpg,2,6
4405.jpg,0,0
4406.jpg,2,5
4407.jpg,0,6
4408.jpg,2,3
4409.jpg,2,6
4410.jpg,0,6
4411.jpg,0,2
4412.jpg,0,4
4413.jpg,2,3
4414.jpg,1,5
4415.jpg,2,4
4416.jpg,1,2
4417.jpg,2,3
4418.jpg,2,2
4419.jpg,0,6
4420.jpg,2,3
4421.jpg,2,3
4422.jpg,1,1
4423.jpg,1,2
4424.jpg,0,3
4425.jpg,2,5
4426.jpg,1,0
4427.jpg,2,3
4428.jpg,0,5
4429.jpg,0,6
4430.jpg,0,2
4431.jpg,2,4
4432.jpg,1,2
4433.jpg,1,3
4434.jpg,2,6
4435.jpg,1,6
4436.jpg,1,6
4437.jpg,2,5
4438.jpg,1,6
4439.jpg,1,1
4440.jpg,2,0
4441.jpg,1,1
4442.jpg,2,6
4443.jpg,0,1
4444.jpg,1,2
4445.jpg,2,6
4446.jpg,2,3
4447.jpg,2,4
4448.jpg,0,4
4449.jpg,1,3
4450.jpg,2,4
4451.jpg,0,1
4452.jpg,1,3
4453.jpg,2,0
4454.jpg,0,6
4455.jpg,1,1
4456.jpg,1,3
4457.jpg,0,4
4458.jpg,0,6
4459.jpg,2,3
4460.jpg,1,6
4461.jpg,2,5
4462.jpg,0,5
4463.jpg,1,2
4464.jpg,2,0
4465.jpg,2,0
4466.jpg,2,6
4467.jpg,1,2
4468.jpg,1,6
4469.jpg,0,0
4470.jpg,0,0
4471.jpg,1,4
4472.jpg,2,6
4473.jpg,1,1
4474.jpg,1,6
4475.jpg,2,6
4476.jpg,0,6
4477.jpg,2,4
4478.jpg,2,6
4479.jpg,1,6
4480.jpg,1,6
4481.jpg,2,3
4482.jpg,1,4
4483.jpg,0,1
4484.jpg,0,0
4485.jpg,0,6
4486.jpg,2,6
4487.jpg,1,3
4488.jpg,1,1
4489.jpg,2,2
4490.jpg,1,1
4491.jpg,1,6
4492.jpg,2,5
4493.jpg,2,1
4494.jpg,0,6
4495.jpg,2,6
4496.jpg,1,6
4497.jpg,2,4
4498.jpg,1,6
4499.jpg,1,4
4500.jpg,1,3
4501.jpg,2,2
4502.jpg,2,1
4503.jpg,0,6
4504.jpg,2,2
4505.jpg,1,5
4506.jpg,1,4
4507.jpg,1,1
4508.jpg,0,5
4509.jpg,2,0
4510.jpg,0,3
4511.jpg,1,0
4512.jpg,1,3
4513.jpg,0,5
4514.jpg,0,6
4515.jpg,1,5
4516.jpg,2,0
4517.jpg,0,6
4518.jpg,1,2
4519.jpg,1,0
4520.jpg,0,4
4521.jpg,1,2
4522.jpg,0,6
4523.jpg,1,3
4524.jpg,1,3
4525.jpg,2,2
4526.jpg,2,3
4527.jpg,1,2
4528.jpg,1,6
4529.jpg,1,5
4530.jpg,0,5
4531.jpg,2,3
4532.jpg,2,5
4533.jpg,1,6
4534.jpg,0,6
4535.jpg,1,1
4536.jpg,1,6
4537.jpg,2,3
4538.jpg,1,6
4539.jpg,2,0
4540.jpg,1,2
4541.jpg,1,2
4542.jpg,2,5
4543.jpg,2,1
4544.jpg,1,1
4545.jpg,0,2
4546.jpg,0,4
4547.jpg,1,0
4548.jpg,2,5
4549.jpg,1,5
4550.jpg,0,6
4551.jpg,2,0
4552.jpg,2,3
4553.jpg,2,5
4554.jpg,2,3
4555.jpg,0,2
4556.jpg,2,0
4557.jpg,1,5
4558.jpg,0,3
4559.jpg,0,4
4560.jpg,0,6
4561.jpg,1,2
4562.jpg,0,2
4563.jpg,2,6
4564.jpg,2,5
4565.jpg,1,6
4566.jpg,1,2
4567.jpg,0,6
4568.jpg,1,2
4569.jpg,1,0
4570.jpg,1,4
4571.jpg,2,2
4572.jpg,2,4
4573.jpg,1,4
4574.jpg,1,2
4575.jpg,0,1
4576.jpg,2,0
4577.jpg,0,1
4578.jpg,2,0
4579.jpg,0,5
4580.jpg,1,3
4581.jpg,2,4
4582.jpg,0,5
4583.jpg,1,3
4584.jpg,1,0
4585.jpg,2,6
4586.jpg,0,3
4587.jpg,0,6
4588.jpg,2,6
4589.jpg,1,3
4590.jpg,0,0
4591.jpg,0,5
4592.jpg,1,5
4593.jpg,1,2
4594.jpg,2,0
4595.jpg,1,2
4596.jpg,2,3
4597.jpg,1,0
4598.jpg,0,1
4599.jpg,2,6
4600.jpg,1,1
4601.jpg,2,2
4602.jpg,1,2
4603.jpg,2,5
4604.jpg,1,0
4605.jpg,2,5
4606.jpg,1,3
4607.jpg,0,6
4608.jpg,2,4
4609.jpg,1,3
4610.jpg,1,0
4611.jpg,1,0
4612.jpg,1,4
4613.jpg,0,6
4614.jpg,1,2
4615.jpg,0,5
4616.jpg,2,3
4617.jpg,0,4
4618.jpg,0,4
4619.jpg,2,3
4620.jpg,2,0
4621.jpg,0,1
4622.jpg,2,4
4623.jpg,2,2
4624.jpg,0,5
4625.jpg,1,3
4626.jpg,1,3
4627.jpg,0,2
4628.jpg,1,6
4629.jpg,2,3
4630.jpg,0,0
4631.jpg,2,6
4632.jpg,2,4
4633.jpg,0,1
4634.jpg,2,5
4635.jpg,1,0
4636.jpg,1,4
4637.jpg,2,2
4638.jpg,2,4
4639.jpg,2,3
4640.jpg,0,6
4641.jpg,2,3
4642.jpg,0,4
4643.jpg,1,2
4644.jpg,0,6
4645.jpg,0,1
4646.jpg,0,3
4647.jpg,1,0
4648.jpg,0,3
4649.jpg,1,0
4650.jpg,1,0
4651.jpg,0,4
4652.jpg,2,6
4653.jpg,2,5
4654.jpg,1,0
4655.jpg,1,3
4656.jpg,0,2
4657.jpg,0,6
4658.jpg,2,4
4659.jpg,2,6
4660.jpg,2,5
4661.jpg,2,4
4662.jpg,0,0
4663.jpg,1,2
4664.jpg,2,0
4665.jpg,2,0
4666.jpg,1,6
4667.jpg,0,2
4668.jpg,2,3
4669.jpg,1,5
4670.jpg,0,4
4671.jpg,2,5
4672.jpg,0,3
4673.jpg,1,3
4674.jpg,1,3
4675.jpg,1,2
4676.jpg,2,5
4677.jpg,2,5
4678.jpg,2,5
4679.jpg,0,1
4680.jpg,2,4
4681.jpg,1,2
4682.jpg,2,6
4683.jpg,1,6
4684.jpg,0,1
4685.jpg,2,0
4686.jpg,2,5
4687.jpg,0,4
4688.jpg,0,1
4689.jpg,2,3
4690.jpg,2,4
4691.jpg,1,2
4692.jpg,0,6
4693.jpg,0,6
4694.jpg,2,1
4695.jpg,1,6
4696.jpg,0,6
4697.jpg,0,0
4698.jpg,1,4
4699.jpg,1,6
4700.jpg,2,1
4701.jpg,2,5
4702.jpg,2,6
4703.jpg,0,1
4704.jpg,2,0
4705.jpg,2,0
4706.jpg,2,0
4707.jpg,2,4
4708.jpg,0,2
4709.jpg,1,0
4710.jpg,2,6
4711.jpg,2,1
4712.jpg,1,0
4713.jpg,0,2
4714.jpg,2,4
4715.jpg,0,3
4716.jpg,0,6
4717.jpg,1,0
4718.jpg,1,6
4719.jpg,1,5
4720.jpg,2,3
4721.jpg,2,3
4722.jpg,0,4
4723.jpg,2,1
4724.jpg,2,6
4725.jpg,2,3
4726.jpg,1,4
4727.jpg,2,0
4728.jpg,0,6
4729.jpg,1,0
4730.jpg,1,2
4731.jpg,0,6
4732.jpg,1,6
4733.jpg,0,4
4734.jpg,2,3
4735.jpg,2,6
4736.jpg,2,0
4737.jpg,2,3
4738.jpg,0,2
4739.jpg,0,2
4740.jpg,2,5
4741.jpg,2,2
4742.jpg,0,1
4743.jpg,1,6
4744.jpg,1,4
4745.jpg,0,6
4746.jpg,1,0
4747.jpg,0,3
4748.jpg,1,6
4749.jpg,1,1
4750.jpg,0,6
4751.jpg,1,2
4752.jpg,1,0
4753.jpg,1,2
4754.jpg,2,6
4755.jpg,1,2
4756.jpg,0,2
4757.jpg,1,1
4758.jpg,1,6
4759.jpg,2,3
4760.jpg,2,5
4761.jpg,2,6
4762.jpg,0,3
4763.jpg,2,0
4764.jpg,2,6
4765.jpg,2,3
4766.jpg,0,6
4767.jpg,1,4
4768.jpg,0,5
4769.jpg,2,6
4770.jpg,1,5
4771.jpg,1,0
4772.jpg,1,1
4773.jpg,1,1
4774.jpg,1,2
4775.jpg,1,1
4776.jpg,0,3
4777.jpg,1,5
4778.jpg,2,6
4779.jpg,1,1
4780.jpg,0,5
4781.jpg,2,6
4782.jpg,0,5
4783.jpg,1,6
4784.jpg,0,6
4785.jpg,0,3
4786.jpg,0,2
4787.jpg,2,6
4788.jpg,0,3
4789.jpg,2,3
4790.jpg,2,6
4791.jpg,2,5
4792.jpg,0,0
4793.jpg,2,2
4794.jpg,0,6
4795.jpg,2,0
4796.jpg,2,5
4797.jpg,2,3
4798.jpg,0,5
4799.jpg,2,0
4800.jpg,2,3
4801.jpg,1,0
4802.jpg,1,5
4803.jpg,0,6
4804.jpg,1,6
4805.jpg,1,0
4806.jpg,2,5
4807.jpg,1,1
4808.jpg,0,6
4809.jpg,2,6
4810.jpg,1,2
4811.jpg,2,3
4812.jpg,0,6
4813.jpg,2,3
4814.jpg,1,3
4815.jpg,2,2
4816.jpg,0,4
4817.jpg,2,3
4818.jpg,0,3
4819.jpg,0,5
4820.jpg,1,3
4821.jpg,0,0
4822.jpg,2,6
4823.jpg,1,6
4824.jpg,2,6
4825.jpg,2,1
4826.jpg,2,2
4827.jpg,0,6
4828.jpg,0,6
4829.jpg,1,6
4830.jpg,2,4
4831.jpg,2,3
4832.jpg,1,1
4833.jpg,2,4
4834.jpg,0,4
4835.jpg,2,4
4836.jpg,1,2
4837.jpg,0,4
4838.jpg,1,6
4839.jpg,0,3
4840.jpg,0,6
4841.jpg,2,0
4842.jpg,2,4
4843.jpg,1,0
4844.jpg,0,5
4845.jpg,0,5
4846.jpg,1,4
4847.jpg,2,3
4848.jpg,0,2
4849.jpg,0,6
4850.jpg,1,5
4851.jpg,1,3
4852.jpg,2,4
4853.jpg,2,4
4854.jpg,2,3
4855.jpg,1,1
4856.jpg,0,3
4857.jpg,2,5
4858.jpg,0,1
4859.jpg,0,5
4860.jpg,0,4
4861.jpg,2,5
4862.jpg,2,5
4863.jpg,2,4
4864.jpg,1,4
4865.jpg,1,5
4866.jpg,1,1
4867.jpg,2,4
4868.jpg,2,2
4869.jpg,1,4
4870.jpg,2,5
4871.jpg,2,0
4872.jpg,2,3
4873.jpg,0,4
4874.jpg,2,1
4875.jpg,2,0
4876.jpg,0,5
4877.jpg,0,6
4878.jpg,0,5
4879.jpg,0,1
4880.jpg,2,2
4881.jpg,2,2
4882.jpg,0,4
4883.jpg,0,0
4884.jpg,2,1
4885.jpg,2,3
4886.jpg,1,1
4887.jpg,0,6
4888.jpg,2,1
4889.jpg,1,6
4890.jpg,0,6
4891.jpg,1,0
4892.jpg,2,0
4893.jpg,1,5
4894.jpg,2,4
4895.jpg,0,1
4896.jpg,0,4
4897.jpg,2,4
4898.jpg,1,0
4899.jpg,1,2
4900.jpg,2,0
4901.jpg,0,4
4902.jpg,2,5
4903.jpg,2,4
4904.jpg,1,5
4905.jpg,1,5
4906.jpg,1,0
4907.jpg,1,4
4908.jpg,0,2
4909.jpg,2,4
4910.jpg,0,6
4911.jpg,0,2
4912.jpg,0,4
4913.jpg,2,5
4914.jpg,0,3
4915.jpg,2,6
4916.jpg,1,5
4917.jpg,2,2
4918.jpg,1,1
4919.jpg,2,0
4920.jpg,2,0
4921.jpg,0,5
4922.jpg,2,2
4923.jpg,2,4
4924.jpg,2,4
4925.jpg,1,6
4926.jpg,2,0
4927.jpg,1,0
4928.jpg,1,3
4929.jpg,1,6
4930.jpg,2,5
4931.jpg,1,5
4932.jpg,1,3
4933.jpg,0,0
4934.jpg,1,6
4935.jpg,1,4
4936.jpg,0,3
4937.jpg,0,0
4938.jpg,0,0
4939.jpg,1,2
4940.jpg,1,6
4941.jpg,2,3
4942.jpg,0,6
4943.jpg,0,0
4944.jpg,0,0
4945.jpg,0,3
4946.jpg,1,6
4947.jpg,0,0
4948.jpg,1,4
4949.jpg,1,0
4950.jpg,0,2
4951.jpg,0,2
4952.jpg,0,4
4953.jpg,2,0
4954.jpg,2,0
4955.jpg,2,0
4956.jpg,0,3
4957.jpg,2,4
4958.jpg,2,4
4959.jpg,1,0
4960.jpg,2,5
4961.jpg,1,5
4962.jpg,2,5
4963.jpg,1,0
4964.jpg,1,0
4965.jpg,0,2
4966.jpg,0,6
4967.jpg,2,5
4968.jpg,2,1
4969.jpg,1,2
4970.jpg,2,4
4971.jpg,0,3
4972.jpg,0,6
4973.jpg,1,5
4974.jpg,1,6
4975.jpg,2,5
4976.jpg,1,5
4977.jpg,0,6
4978.jpg,1,4
4979.jpg,1,5
4980.jpg,1,0
4981.jpg,0,5
4982.jpg,1,0
4983.jpg,2,0
4984.jpg,2,4
4985.jpg,0,6
4986.jpg,2,3
4987.jpg,2,6
4988.jpg,1,0
4989.jpg,0,2
4990.jpg,2,5
4991.jpg,0,3
4992.jpg,2,6
4993.jpg,2,5
4994.jpg,0,4
4995.jpg,2,3
4996.jpg,2,3
4997.jpg,1,3
4998.jpg,1,6
4999.jpg,2,5
5000.jpg,0,4
5001.jpg,2,4
5002.jpg,1,0
5003.jpg,1,0
5004.jpg,2,5
5005.jpg,0,6
5006.jpg,2,3
5007.jpg,1,1
5008.jpg,1,6
5009.jpg,0,1
5010.jpg,2,5
5011.jpg,2,0
5012.jpg,0,1
5013.jpg,2,4
5014.jpg,1,2
5015.jpg,1,5
5016.jpg,1,3
5017.jpg,2,0
5018.jpg,0,3
5019.jpg,0,6
5020.jpg,0,5
5021.jpg,1,5
5022.jpg,2,3
5023.jpg,0,2
5024.jpg,1,2
5025.jpg,0,2
5026.jpg,1,2
5027.jpg,2,4
5028.jpg,2,5
5029.jpg,0,2
5030.jpg,1,4
5031.jpg,1,2
5032.jpg,2,3
5033.jpg,2,3
5034.jpg,1,2
5035.jpg,1,0
5036.jpg,2,6
5037.jpg,2,3
5038.jpg,1,6
5039.jpg,2,3
5040.jpg,0,2
5041.jpg,2,3
5042.jpg,1,0
5043.jpg,2,4
5044.jpg,1,3
5045.jpg,0,6
5046.jpg,1,6
5047.jpg,2,1
5048.jpg,0,5
5049.jpg,2,5
5050.jpg,0,0
5051.jpg,1,1
5052.jpg,0,6
5053.jpg,0,5
5054.jpg,0,3
5055.jpg,1,6
5056.jpg,0,5
5057.jpg,2,4
5058.jpg,2,3
5059.jpg,0,4
5060.jpg,2,2
5061.jpg,0,2
5062.jpg,1,5
5063.jpg,0,3
5064.jpg,1,4
5065.jpg,2,0
5066.jpg,1,6
5067.jpg,2,6
5068.jpg,0,2
5069.jpg,2,2
5070.jpg,1,2
5071.jpg,2,6
5072.jpg,1,6
5073.jpg,1,0
5074.jpg,0,5
5075.jpg,1,3
5076.jpg,1,0
5077.jpg,0,6
5078.jpg,2,5
5079.jpg,1,5
5080.jpg,2,1
5081.jpg,0,6
5082.jpg,0,2
5083.jpg,1,3
5084.jpg,2,5
5085.jpg,2,1
5086.jpg,1,0
5087.jpg,0,3
5088.jpg,1,6
5089.jpg,1,0
5090.jpg,0,6
5091.jpg,2,0
5092.jpg,2,1
5093.jpg,0,2
5094.jpg,2,0
5095.jpg,1,6
5096.jpg,1,3
5097.jpg,1,3
5098.jpg,0,6
5099.jpg,1,0
5100.jpg,1,6
5101.jpg,2,6
5102.jpg,0,1
5103.jpg,2,3
5104.jpg,1,3
5105.jpg,1,4
5106.jpg,0,1
5107.jpg,0,4
5108.jpg,0,6
5109.jpg,2,3
5110.jpg,1,0
5111.jpg,1,6
5112.jpg,2,5
5113.jpg,1,3
5114.jpg,0,5
5115.jpg,0,3
5116.jpg,0,5
5117.jpg,1,3
5118.jpg,2,0
5119.jpg,0,1
5120.jpg,2,2
5121.jpg,2,3
5122.jpg,1,4
5123.jpg,2,5
5124.jpg,2,5
5125.jpg,2,1
5126.jpg,1,6
5127.jpg,2,3
5128.jpg,2,3
5129.jpg,1,0
5130.jpg,0,1
5131.jpg,1,3
5132.jpg,0,4
5133.jpg,2,0
5134.jpg,0,4
5135.jpg,2,5
5136.jpg,0,1
5137.jpg,0,2
5138.jpg,1,4
5139.jpg,1,2
5140.jpg,2,3
5141.jpg,1,0
5142.jpg,1,5
5143.jpg,2,0
5144.jpg,2,4
5145.jpg,1,1
5146.jpg,2,0
5147.jpg,1,0
5148.jpg,0,5
5149.jpg,2,5
5150.jpg,2,2
5151.jpg,0,5
5152.jpg,0,3
5153.jpg,2,4
5154.jpg,0,6
5155.jpg,0,0
5156.jpg,1,5
5157.jpg,1,4
5158.jpg,0,4
5159.jpg,2,4
5160.jpg,2,0
5161.jpg,0,0
5162.jpg,1,3
5163.jpg,0,5
5164.jpg,2,5
5165.jpg,0,2
5166.jpg,0,6
5167.jpg,0,5
5168.jpg,1,5
5169.jpg,2,0
5170.jpg,0,1
5171.jpg,1,6
5172.jpg,2,3
5173.jpg,0,0
5174.jpg,1,0
5175.jpg,0,3
5176.jpg,0,0
5177.jpg,2,0
5178.jpg,0,6
5179.jpg,1,0
5180.jpg,1,2
5181.jpg,1,6
5182.jpg,1,1
5183.jpg,1,4
5184.jpg,1,0
5185.jpg,2,5
5186.jpg,0,3
5187.jpg,0,6
5188.jpg,1,2
5189.jpg,1,0
5190.jpg,0,6
5191.jpg,2,0
5192.jpg,0,6
5193.jpg,2,5
5194.jpg,2,3
5195.jpg,2,2
5196.jpg,1,5
5197.jpg,1,6
5198.jpg,1,2
5199.jpg,0,2
5200.jpg,1,2
5201.jpg,1,2
5202.jpg,0,6
5203.jpg,0,0
5204.jpg,0,2
5205.jpg,2,5
5206.jpg,2,2
5207.jpg,2,4
5208.jpg,2,6
5209.jpg,1,4
5210.jpg,2,4
5211.jpg,1,6
5212.jpg,0,1
5213.jpg,0,2
5214.jpg,2,4
5215.jpg,1,6
5216.jpg,1,3
5217.jpg,1,6
5218.jpg,2,5
5219.jpg,2,6
5220.jpg,0,4
5221.jpg,0,5
5222.jpg,2,4
5223.jpg,1,2
5224.jpg,1,2
5225.jpg,2,0
5226.jpg,2,4
5227.jpg,1,1
5228.jpg,2,6
5229.jpg,0,6
5230.jpg,0,1
5231.jpg,2,0
5232.jpg,1,1
5233.jpg,0,5
5234.jpg,2,3
5235.jpg,2,5
5236.jpg,1,4
5237.jpg,2,3
5238.jpg,2,5
5239.jpg,0,2
5240.jpg,2,2
5241.jpg,1,4
5242.jpg,1,6
5243.jpg,2,6
5244.jpg,0,3
5245.jpg,2,5
5246.jpg,0,6
5247.jpg,1,6
5248.jpg,2,4
5249.jpg,0,3
5250.jpg,2,2
5251.jpg,0,0
5252.jpg,0,4
5253.jpg,1,1
5254.jpg,2,4
5255.jpg,1,3
5256.jpg,2,4
5257.jpg,0,6
5258.jpg,1,5
5259.jpg,2,2
5260.jpg,1,3
5261.jpg,1,4
5262.jpg,0,5
5263.jpg,2,4
5264.jpg,2,2
5265.jpg,1,1
5266.jpg,2,1
5267.jpg,2,3
5268.jpg,2,6
5269.jpg,2,4
5270.jpg,2,6
5271.jpg,1,1
5272.jpg,0,2
5273.jpg,1,3
5274.jpg,0,6
5275.jpg,1,1
5276.jpg,1,1
5277.jpg,2,2
5278.jpg,1,3
5279.jpg,1,2
5280.jpg,1,2
5281.jpg,1,0
5282.jpg,0,3
5283.jpg,2,3
5284.jpg,1,3
5285.jpg,0,3
5286.jpg,1,1
5287.jpg,0,6
5288.jpg,1,0
5289.jpg,2,3
5290.jpg,0,5
5291.jpg,2,5
5292.jpg,2,1
5293.jpg,1,2
5294.jpg,0,3
5295.jpg,1,0
5296.jpg,2,2
5297.jpg,2,3
5298.jpg,1,4
5299.jpg,2,4
5300.jpg,0,6
5301.jpg,1,3
5302.jpg,1,5
5303.jpg,0,0
5304.jpg,2,5
5305.jpg,2,3
5306.jpg,2,5
5307.jpg,2,6
5308.jpg,0,2
5309.jpg,0,6
5310.jpg,0,6
5311.jpg,0,4
5312.jpg,2,2
5313.jpg,1,5
5314.jpg,2,0
5315.jpg,2,4
5316.jpg,2,4
5317.jpg,1,0
5318.jpg,0,0
5319.jpg,2,2
5320.jpg,1,3
5321.jpg,1,6
5322.jpg,0,6
5323.jpg,1,6
5324.jpg,1,4
5325.jpg,2,1
5326.jpg,2,4
5327.jpg,1,3
5328.jpg,1,3
5329.jpg,2,4
5330.jpg,1,5
5331.jpg,1,3
5332.jpg,1,0
5333.jpg,0,3
5334.jpg,2,4
5335.jpg,2,0
5336.jpg,0,2
5337.jpg,0,0
5338.jpg,2,6
5339.jpg,1,5
5340.jpg,0,4
5341.jpg,2,3
5342.jpg,2,5
5343.jpg,2,5
5344.jpg,0,0
5345.jpg,2,0
5346.jpg,0,1
5347.jpg,2,1
5348.jpg,2,5
5349.jpg,0,6
5350.jpg,1,0
5351.jpg,2,0
5352.jpg,0,0
5353.jpg,1,3
5354.jpg,0,4
5355.jpg,2,3
5356.jpg,1,5
5357.jpg,0,4
5358.jpg,0,6
5359.jpg,1,2
5360.jpg,1,1
5361.jpg,2,2
5362.jpg,1,6
5363.jpg,1,5
5364.jpg,1,1
5365.jpg,0,5
5366.jpg,2,5
5367.jpg,2,3
5368.jpg,2,0
5369.jpg,0,6
5370.jpg,2,5
5371.jpg,2,5
5372.jpg,0,2
5373.jpg,1,0
5374.jpg,2,2
5375.jpg,1,2
5376.jpg,0,5
5377.jpg,2,0
5378.jpg,2,5
5379.jpg,2,4
5380.jpg,2,2
5381.jpg,0,6
5382.jpg,0,6
5383.jpg,1,6
5384.jpg,2,4
5385.jpg,1,6
5386.jpg,2,0
5387.jpg,2,0
5388.jpg,1,6
5389.jpg,0,0
5390.jpg,1,2
5391.jpg,1,6
5392.jpg,1,5
5393.jpg,2,4
5394.jpg,2,3
5395.jpg,0,6
5396.jpg,0,1
5397.jpg,1,2
5398.jpg,2,3
5399.jpg,1,3
5400.jpg,0,6
5401.jpg,2,6
5402.jpg,0,6
5403.jpg,0,3
5404.jpg,1,0
5405.jpg,1,2
5406.jpg,2,5
5407.jpg,2,3
5408.jpg,1,3
5409.jpg,0,1
5410.jpg,1,4
5411.jpg,2,6
5412.jpg,2,3
5413.jpg,2,3
5414.jpg,2,5
5415.jpg,2,5
5416.jpg,1,3
5417.jpg,2,5
5418.jpg,1,0
5419.jpg,0,4
5420.jpg,2,3
5421.jpg,0,5
5422.jpg,0,2
5423.jpg,1,0
5424.jpg,2,5
5425.jpg,2,6
5426.jpg,2,2
5427.jpg,2,1
5428.jpg,0,4
5429.jpg,1,3
5430.jpg,1,5
5431.jpg,1,6
5432.jpg,1,5
5433.jpg,0,6
5434.jpg,1,2
5435.jpg,1,1
5436.jpg,1,6
5437.jpg,1,3
5438.jpg,1,3
5439.jpg,2,4
5440.jpg,1,2
5441.jpg,1,2
5442.jpg,0,4
5443.jpg,0,6
5444.jpg,0,1
5445.jpg,1,6
5446.jpg,0,2
5447.jpg,2,6
5448.jpg,1,3
5449.jpg,2,5
5450.jpg,1,5
5451.jpg,1,6
5452.jpg,1,0
5453.jpg,2,5
5454.jpg,0,0
5455.jpg,0,4
5456.jpg,1,5
5457.jpg,2,5
5458.jpg,0,1
5459.jpg,0,6
5460.jpg,2,0
5461.jpg,2,3
5462.jpg,0,1
5463.jpg,2,1
5464.jpg,1,3
5465.jpg,1,0
5466.jpg,1,4
5467.jpg,1,3
5468.jpg,1,3
5469.jpg,1,3
5470.jpg,2,3
5471.jpg,2,2
5472.jpg,1,1
5473.jpg,2,0
5474.jpg,1,1
5475.jpg,1,2
5476.jpg,1,5
5477.jpg,0,2
5478.jpg,2,5
5479.jpg,1,6
5480.jpg,0,4
5481.jpg,2,6
5482.jpg,2,5
5483.jpg,1,3
5484.jpg,2,0
5485.jpg,2,5
5486.jpg,0,6
5487.jpg,2,5
5488.jpg,0,5
5489.jpg,1,2
5490.jpg,0,6
5491.jpg,0,1
5492.jpg,2,6
5493.jpg,1,0
5494.jpg,1,0
5495.jpg,2,5
5496.jpg,1,6
5497.jpg,0,6
5498.jpg,2,0
5499.jpg,1,0
5500.jpg,2,3
5501.jpg,2,5
5502.jpg,0,6
5503.jpg,2,3
5504.jpg,0,2
5505.jpg,2,3
5506.jpg,1,6
5507.jpg,1,0
5508.jpg,1,5
5509.jpg,1,2
5510.jpg,2,6
5511.jpg,2,2
5512.jpg,0,3
5513.jpg,0,6
5514.jpg,2,3
5515.jpg,2,4
5516.jpg,2,6
5517.jpg,1,1
5518.jpg,1,5
5519.jpg,0,3
5520.jpg,2,6
5521.jpg,0,1
5522.jpg,2,6
5523.jpg,1,6
5524.jpg,0,1
5525.jpg,0,1
5526.jpg,1,3
5527.jpg,2,6
5528.jpg,0,0
5529.jpg,0,2
5530.jpg,0,4
5531.jpg,0,2
5532.jpg,0,3
5533.jpg,1,6
5534.jpg,2,5
5535.jpg,0,2
5536.jpg,2,2
5537.jpg,0,5
5538.jpg,1,5
5539.jpg,2,0
5540.jpg,0,5
5541.jpg,2,3
5542.jpg,2,2
5543.jpg,0,2
5544.jpg,1,0
5545.jpg,1,6
5546.jpg,1,0
5547.jpg,1,3
5548.jpg,2,3
5549.jpg,1,2
5550.jpg,1,3
5551.jpg,1,1
5552.jpg,2,5
5553.jpg,2,3
5554.jpg,1,6
5555.jpg,2,2
5556.jpg,2,5
5557.jpg,0,3
5558.jpg,1,6
5559.jpg,0,5
5560.jpg,2,5
5561.jpg,1,0
5562.jpg,2,5
5563.jpg,2,3
5564.jpg,1,2
5565.jpg,2,6
5566.jpg,0,5
5567.jpg,0,2
5568.jpg,0,1
5569.jpg,1,1
5570.jpg,1,3
5571.jpg,0,1
5572.jpg,1,0
5573.jpg,2,5
5574.jpg,1,1
5575.jpg,1,4
5576.jpg,1,5
5577.jpg,2,1
5578.jpg,0,6
5579.jpg,2,0
5580.jpg,1,4
5581.jpg,1,4
5582.jpg,2,0
5583.jpg,1,6
5584.jpg,1,6
5585.jpg,0,3
5586.jpg,2,2
5587.jpg,1,1
5588.jpg,1,6
5589.jpg,0,6
5590.jpg,2,6
5591.jpg,2,6
5592.jpg,0,2
5593.jpg,0,6
5594.jpg,0,2
5595.jpg,2,2
5596.jpg,1,0
5597.jpg,2,0
5598.jpg,0,6
5599.jpg,2,6
5600.jpg,1,3
5601.jpg,0,4
5602.jpg,1,4
5603.jpg,0,2
5604.jpg,1,3
5605.jpg,1,6
5606.jpg,0,6
5607.jpg,2,4
5608.jpg,0,6
5609.jpg,0,6
5610.jpg,2,4
5611.jpg,2,1
5612.jpg,2,2
5613.jpg,1,5
5614.jpg,1,3
5615.jpg,2,3
5616.jpg,0,6
5617.jpg,2,5
5618.jpg,0,3
5619.jpg,0,1
5620.jpg,2,2
5621.jpg,2,2
5622.jpg,0,5
5623.jpg,2,4
5624.jpg,2,5
5625.jpg,1,3
5626.jpg,2,4
5627.jpg,0,2
5628.jpg,0,6
5629.jpg,0,2
5630.jpg,0,4
5631.jpg,0,2
5632.jpg,2,5
5633.jpg,0,5
5634.jpg,2,4
5635.jpg,0,1
5636.jpg,0,1
5637.jpg,1,2
5638.jpg,0,3
5639.jpg,1,0
5640.jpg,0,4
5641.jpg,1,3
5642.jpg,0,6
5643.jpg,2,2
5644.jpg,0,4
5645.jpg,0,5
5646.jpg,2,3
5647.jpg,1,2
5648.jpg,1,0
5649.jpg,1,5
5650.jpg,1,3
5651.jpg,1,3
5652.jpg,2,1
5653.jpg,0,2
5654.jpg,0,4
5655.jpg,1,2
5656.jpg,0,3
5657.jpg,2,0
5658.jpg,1,1
5659.jpg,0,6
5660.jpg,0,3
5661.jpg,2,5
5662.jpg,2,4
5663.jpg,0,4
5664.jpg,0,1
5665.jpg,1,2
5666.jpg,2,3
5667.jpg,2,5
5668.jpg,1,2
5669.jpg,2,5
5670.jpg,0,4
5671.jpg,0,2
5672.jpg,2,3
5673.jpg,0,6
5674.jpg,0,0
5675.jpg,0,3
5676.jpg,0,2
5677.jpg,2,3
5678.jpg,2,1
5679.jpg,0,3
5680.jpg,2,0
5681.jpg,0,6
5682.jpg,0,2
5683.jpg,1,5
5684.jpg,1,6
5685.jpg,0,6
5686.jpg,2,2
5687.jpg,0,3
5688.jpg,1,2
5689.jpg,2,0
5690.jpg,2,2
5691.jpg,1,3
5692.jpg,0,2
5693.jpg,2,6
5694.jpg,2,0
5695.jpg,1,2
5696.jpg,1,6
5697.jpg,0,4
5698.jpg,2,1
5699.jpg,2,2
5700.jpg,1,3
5701.jpg,2,5
5702.jpg,2,6
5703.jpg,0,6
5704.jpg,2,4
5705.jpg,1,6
5706.jpg,1,3
5707.jpg,1,2
5708.jpg,1,2
5709.jpg,2,5
5710.jpg,2,4
5711.jpg,2,3
5712.jpg,0,1
5713.jpg,1,4
5714.jpg,0,1
5715.jpg,2,1
5716.jpg,0,2
5717.jpg,1,0
5718.jpg,0,6
5719.jpg,1,4
5720.jpg,1,6
5721.jpg,2,2
5722.jpg,0,4
5723.jpg,2,5
5724.jpg,2,2
5725.jpg,1,6
5726.jpg,0,3
5727.jpg,1,1
5728.jpg,2,2
5729.jpg,2,4
5730.jpg,1,0
5731.jpg,2,0
5732.jpg,2,3
5733.jpg,2,2
5734.jpg,2,2
5735.jpg,1,6
5736.jpg,0,6
5737.jpg,2,6
5738.jpg,2,5
5739.jpg,0,5
5740.jpg,2,0
5741.jpg,0,3
5742.jpg,1,6
5743.jpg,1,5
5744.jpg,2,4
5745.jpg,2,4
5746.jpg,0,2
5747.jpg,2,2
5748.jpg,1,5
5749.jpg,1,2
5750.jpg,2,3
5751.jpg,1,2
5752.jpg,1,2
5753.jpg,1,2
5754.jpg,0,4
5755.jpg,2,5
5756.jpg,0,6
5757.jpg,0,0
5758.jpg,2,4
5759.jpg,0,2
5760.jpg,2,4
5761.jpg,1,5
5762.jpg,1,6
5763.jpg,0,6
5764.jpg,2,0
5765.jpg,0,4
5766.jpg,1,5
5767.jpg,1,0
5768.jpg,2,4
5769.jpg,2,5
5770.jpg,0,1
5771.jpg,2,2
5772.jpg,2,5
5773.jpg,0,1
5774.jpg,2,3
5775.jpg,0,6
5776.jpg,0,4
5777.jpg,0,4
5778.jpg,2,0
5779.jpg,2,4
5780.jpg,2,6
5781.jpg,2,3
5782.jpg,0,3
5783.jpg,2,2
5784.jpg,0,3
5785.jpg,1,4
5786.jpg,1,1
5787.jpg,0,6
5788.jpg,1,1
5789.jpg,2,2
5790.jpg,2,0
5791.jpg,0,4
5792.jpg,0,0
5793.jpg,2,3
5794.jpg,0,5
5795.jpg,2,6
5796.jpg,1,5
5797.jpg,0,2
5798.jpg,1,4
5799.jpg,0,0
5800.jpg,1,0
5801.jpg,2,6
5802.jpg,1,2
5803.jpg,2,4
5804.jpg,1,3
5805.jpg,1,6
5806.jpg,0,2
5807.jpg,0,6
5808.jpg,0,5
5809.jpg,2,3
5810.jpg,0,1
5811.jpg,1,0
5812.jpg,1,4
5813.jpg,0,2
5814.jpg,2,0
5815.jpg,1,3
5816.jpg,2,5
5817.jpg,2,5
5818.jpg,2,6
5819.jpg,1,6
5820.jpg,2,4
5821.jpg,1,1
5822.jpg,2,2
5823.jpg,0,0
5824.jpg,2,4
5825.jpg,1,0
5826.jpg,0,4
5827.jpg,2,5
5828.jpg,2,4
5829.jpg,2,3
5830.jpg,1,0
5831.jpg,0,6
5832.jpg,1,4
5833.jpg,2,6
5834.jpg,1,1
5835.jpg,0,2
5836.jpg,2,3
5837.jpg,0,3
5838.jpg,2,5
5839.jpg,2,6
5840.jpg,1,6
5841.jpg,0,2
5842.jpg,1,5
5843.jpg,2,0
5844.jpg,1,5
5845.jpg,1,6
5846.jpg,2,2
5847.jpg,0,1
5848.jpg,1,3
5849.jpg,1,6
5850.jpg,0,5
5851.jpg,0,6
5852.jpg,2,6
5853.jpg,0,1
5854.jpg,2,4
5855.jpg,1,3
5856.jpg,2,6
5857.jpg,2,1
5858.jpg,1,5
5859.jpg,0,6
5860.jpg,2,5
5861.jpg,1,4
5862.jpg,2,2
5863.jpg,1,2
5864.jpg,1,0
5865.jpg,2,6
5866.jpg,2,1
5867.jpg,2,5
5868.jpg,1,2
5869.jpg,0,2
5870.jpg,2,6
5871.jpg,1,5
5872.jpg,2,5
5873.jpg,2,6
5874.jpg,2,3
5875.jpg,1,6
5876.jpg,1,3
5877.jpg,1,1
5878.jpg,2,4
5879.jpg,1,6
5880.jpg,2,0
5881.jpg,0,5
5882.jpg,0,1
5883.jpg,2,0
5884.jpg,0,3
5885.jpg,0,6
5886.jpg,1,4
5887.jpg,0,0
5888.jpg,0,4
5889.jpg,0,0
5890.jpg,2,5
5891.jpg,1,3
5892.jpg,1,6
5893.jpg,1,5
5894.jpg,1,4
5895.jpg,0,0
5896.jpg,1,3
5897.jpg,0,4
5898.jpg,2,3
5899.jpg,2,6
5900.jpg,1,5
5901.jpg,1,0
5902.jpg,0,5
5903.jpg,0,2
5904.jpg,0,3
5905.jpg,2,3
5906.jpg,2,3
5907.jpg,2,5
5908.jpg,1,5
5909.jpg,1,6
5910.jpg,2,5
5911.jpg,1,6
5912.jpg,2,5
5913.jpg,0,0
5914.jpg,0,1
5915.jpg,1,3
5916.jpg,0,6
5917.jpg,1,3
5918.jpg,2,6
5919.jpg,1,2
5920.jpg,2,3
5921.jpg,0,1
5922.jpg,2,5
5923.jpg,0,3
5924.jpg,0,1
5925.jpg,2,2
5926.jpg,2,0
5927.jpg,2,6
5928.jpg,1,2
5929.jpg,2,5
5930.jpg,1,6
5931.jpg,2,6
5932.jpg,0,6
5933.jpg,0,0
5934.jpg,1,1
5935.jpg,2,4
5936.jpg,2,4
5937.jpg,2,6
5938.jpg,2,6
5939.jpg,1,5
5940.jpg,0,5
5941.jpg,0,0
5942.jpg,0,1
5943.jpg,0,2
5944.jpg,2,0
5945.jpg,0,6
5946.jpg,0,0
5947.jpg,2,6
5948.jpg,1,3
5949.jpg,0,2
5950.jpg,1,5
5951.jpg,0,5
5952.jpg,1,6
5953.jpg,2,0
5954.jpg,2,0
5955.jpg,2,5
5956.jpg,2,2
5957.jpg,2,5
5958.jpg,0,0
5959.jpg,2,3
5960.jpg,1,0
5961.jpg,0,0
5962.jpg,1,0
5963.jpg,0,0
5964.jpg,0,6
5965.jpg,0,1
5966.jpg,0,3
5967.jpg,0,6
5968.jpg,0,5
5969.jpg,0,6
5970.jpg,2,6
5971.jpg,0,6
5972.jpg,2,3
5973.jpg,1,1
5974.jpg,0,4
5975.jpg,2,3
5976.jpg,0,4
5977.jpg,2,2
5978.jpg,2,0
5979.jpg,1,6
5980.jpg,0,6
5981.jpg,2,6
5982.jpg,2,3
5983.jpg,0,3
5984.jpg,0,2
5985.jpg,0,2
5986.jpg,2,3
5987.jpg,2,4
5988.jpg,1,6
5989.jpg,2,5
5990.jpg,0,0
5991.jpg,1,0
5992.jpg,1,0
5993.jpg,0,6
5994.jpg,1,3
5995.jpg,2,6
5996.jpg,0,2
5997.jpg,2,6
5998.jpg,1,4
5999.jpg,1,5
6000.jpg,2,3
6001.jpg,1,4
6002.jpg,0,1
6003.jpg,0,2
6004.jpg,2,4
6005.jpg,2,3
6006.jpg,2,3
6007.jpg,2,6
6008.jpg,1,3
6009.jpg,0,6
6010.jpg,2,6
6011.jpg,1,3
6012.jpg,1,0
6013.jpg,0,1
6014.jpg,1,2
6015.jpg,2,5
6016.jpg,1,3
6017.jpg,2,6
6018.jpg,1,6
6019.jpg,0,3
6020.jpg,2,5
6021.jpg,1,4
6022.jpg,2,6
6023.jpg,0,0
6024.jpg,2,0
6025.jpg,0,6
6026.jpg,0,2
6027.jpg,1,6
6028.jpg,2,3
6029.jpg,2,2
6030.jpg,2,4
6031.jpg,1,5
6032.jpg,0,2
6033.jpg,2,5
6034.jpg,1,4
6035.jpg,2,6
6036.jpg,0,6
6037.jpg,1,3
6038.jpg,2,6
6039.jpg,1,4
6040.jpg,1,1
6041.jpg,2,3
6042.jpg,2,2
6043.jpg,1,3
6044.jpg,2,5
6045.jpg,0,3
6046.jpg,2,5
6047.jpg,1,3
6048.jpg,0,2
6049.jpg,1,3
6050.jpg,2,5
6051.jpg,2,5
6052.jpg,1,0
6053.jpg,2,3
6054.jpg,1,6
6055.jpg,2,5
6056.jpg,2,3
6057.jpg,2,5
6058.jpg,2,6
6059.jpg,0,5
6060.jpg,0,5
6061.jpg,1,6
